[{
  "renderDpi": 150,
  "name": "1",
  "page": 5,
  "figType": "Figure",
  "regionBoundary": {
    "x1": 53.76,
    "y1": 147.84,
    "x2": 293.28,
    "y2": 354.24
  },
  "caption": "Figure 1: Search Results for gochi cupertino",
  "imageText": [],
  "renderURL": "/Users/zhengshuangjing/Desktop/figure_data/A_Web_of_Concepts-Figure1-1.png",
  "captionBoundary": {
    "x1": 70.7490005493164,
    "y1": 368.966796875,
    "x2": 275.9609069824219,
    "y2": 373.45001220703125
  }
}, {
  "renderDpi": 150,
  "name": "1",
  "page": 7,
  "figType": "Table",
  "regionBoundary": {
    "x1": 128.64,
    "y1": 53.76,
    "x2": 481.44,
    "y2": 103.2
  },
  "caption": "Table 1: Technologies for Interconnecting Different Page Types",
  "imageText": ["p", "⇓", "q⇒", "Result", "Concept", "Article", "Result", "Assistance", "Concept", "search", "Vanilla", "search", "Concept", "Search", "w/in", "concept", "Concept", "recommendation", "Semantic", "linking", "Article", "−", "Semantic", "linking", "Related", "pages"],
  "renderURL": "/Users/zhengshuangjing/Desktop/figure_data/A_Web_of_Concepts-Table1-1.png",
  "captionBoundary": {
    "x1": 157.55499267578125,
    "y1": 124.34382629394531,
    "x2": 452.1691589355469,
    "y2": 128.8270263671875
  }
}]