[{
  "renderDpi": 150,
  "name": "1",
  "page": 10,
  "figType": "Figure",
  "regionBoundary": {
    "x1": 138.72,
    "y1": 106.56,
    "x2": 473.28,
    "y2": 205.44
  },
  "caption": "Fig. 1. Main steps of automatic query expansion.",
  "imageText": [],
  "renderURL": "/Users/zhengshuangjing/Desktop/figure_data/CSUR-2012-Figure1-1.png",
  "captionBoundary": {
    "x1": 214.44000244140625,
    "y1": 214.28829956054688,
    "x2": 397.7636413574219,
    "y2": 218.89501953125
  }
}, {
  "renderDpi": 150,
  "name": "4",
  "page": 25,
  "figType": "Figure",
  "regionBoundary": {
    "x1": 134.88,
    "y1": 106.56,
    "x2": 476.15999999999997,
    "y2": 226.07999999999998
  },
  "caption": "Fig. 4. A taxonomy of approaches to AQE.",
  "imageText": [],
  "renderURL": "/Users/zhengshuangjing/Desktop/figure_data/CSUR-2012-Figure4-1.png",
  "captionBoundary": {
    "x1": 227.27999877929688,
    "y1": 235.28829956054688,
    "x2": 384.7747802734375,
    "y2": 239.89501953125
  }
}, {
  "renderDpi": 150,
  "name": "II",
  "page": 20,
  "figType": "Table",
  "regionBoundary": {
    "x1": 117.6,
    "y1": 136.79999999999998,
    "x2": 494.4,
    "y2": 356.15999999999997
  },
  "caption": "Table II. Expansion Features (with Associated Scores) Generated by Several Methods for the Query “Foreign Minorities Germany” by Analyzing the First Thirty Results Returned by Google on the Same Query",
  "imageText": ["west", "(0.00418107),", "integration", "(0.0041806)", "poland", "(0.0083449),", "language", "(0.0041835),", "description", "(0.0041832),", "Relevance", "model", "european", "(0.0041820),", "cultural", "(0.0041815),", "continental", "(0.0041814),", "Kullback-Leibler", "frisians", "(0.036),", "sorbs", "(0.032),", "joschka", "(0.032),", "hillard", "(0.024),", "distance", "gaining", "(0.017),", "poland", "(0.005),", "ﬁscher", "(0.004),", "clark", "(0.002)", "Binary", "independence", "frisians", "(10.183),", "sorbs", "(9.036),", "joschka", "(8.878),", "hillard", "(6.669)", "model", "gaining", "(2.482),", "shareholders", "(1.848),", "ﬁscher", "(1.304),", "continental", "(0.459)", "Chi-square", "frisians", "(4.176),", "sorbs", "(1.881),", "joschka", "(1.685),", "hillard", "(0.358)", "google", "(0.061),", "number", "(0.046),", "history", "(0.041),", "books", "(0.036)", "Robertson", "selection", "joschka", "(0.004),", "gaining", "(0.002),", "poland", "(0.002),", "frisians", "(0.002)", "value", "sorbs", "(0.002),", "shareholders", "(0.001),", "hillard", "(0.001),", "ﬁscher", "(0.001)", "Rocchio’s", "weights", "joschka", "(1.121),", "poland", "(0.865),", "shareholders", "(0.726),", "romania", "(0.695)", "danish", "(0.668),", "ﬁscher", "(0.621),", "frisians", "(0.618),", "sorbs", "(0.580)", "Local", "context", "analysis", "(18.446),", "foreign", "policy", "(16.759),", "books", "result", "(16.586),", "west", "germany", "(15.749),", "minorities", "groups", "(12.718),", "joschka", "ﬁscher", "(10.422)", "european", "(0.319),", "continental", "(0.319),", "cultural", "(0.319),", "language", "(0.319)", "housing", "Germany", "(26.422),", "access", "housing", "(20.644),", "minority", "experience", "Query-term", "correlation", "west", "(0.415),", "workers", "(0.391),", "policy", "(0.380),", "republic", "(0.326),", "matrix", "housing", "(0.378),", "access", "(0.378),", "language", "(0.378),", "cultural", "(0.378)", "Mutual", "information", "integration", "(4.355),", "jstor", "(4.355),", "reports", "(4.355),", "description", "(4.241)", "Method", "Expansion", "features"],
  "renderURL": "/Users/zhengshuangjing/Desktop/figure_data/CSUR-2012-TableII-1.png",
  "captionBoundary": {
    "x1": 128.39996337890625,
    "y1": 109.16830444335938,
    "x2": 483.59381103515625,
    "y2": 131.774658203125
  }
}, {
  "renderDpi": 150,
  "name": "3",
  "page": 21,
  "figType": "Figure",
  "regionBoundary": {
    "x1": 134.88,
    "y1": 106.56,
    "x2": 476.15999999999997,
    "y2": 455.03999999999996
  },
  "caption": "Fig. 3. The first ten results returned by Google in response to the expanded query “foreign minorities Germany sorbs frisians” (as of May 2009).",
  "imageText": [],
  "renderURL": "/Users/zhengshuangjing/Desktop/figure_data/CSUR-2012-Figure3-1.png",
  "captionBoundary": {
    "x1": 108.83999633789062,
    "y1": 463.28826904296875,
    "x2": 503.2730712890625,
    "y2": 476.89483642578125
  }
}, {
  "renderDpi": 150,
  "name": "I",
  "page": 17,
  "figType": "Table",
  "regionBoundary": {
    "x1": 121.92,
    "y1": 127.67999999999999,
    "x2": 491.03999999999996,
    "y2": 258.24
  },
  "caption": "Table I. Main Term-Ranking Functions Based on Analysis of Term Distribution in Pseudo-Relevant Documents",
  "imageText": ["p(t|C)(KLD)", "[Carpineto", "et", "al.", "2001]", "Kullback-Leibler", "distance", "p(t|R)", ".", "log", "p(t|R)", "[Doszkocs", "1978]", "Chi-square", "[p(t|R)", "−", "p(t|C)]2", "p(t|C)", "[Robertson", "1990]", "Robertson", "selection", "value", "∑", "d∈R", "w(t,d)", ".", "[p(t|R)", "−", "p(t|C)]", "(RSV)", "[Robertson", "and", "Sparck", "Jones", "1976]", "Binary", "independence", "model", "log", "p(t|R)", "[1", "−", "p(t|C)]", "p(t|C)", "[1", "−", "p(t|R)](BIM)", "[Rocchio", "1971]", "Rocchio’s", "weights", "∑", "d∈R", "w(t,d)", "Reference", "Function", "Mathematical", "form"],
  "renderURL": "/Users/zhengshuangjing/Desktop/figure_data/CSUR-2012-TableI-1.png",
  "captionBoundary": {
    "x1": 165.60000610351562,
    "y1": 109.16830444335938,
    "x2": 446.5443420410156,
    "y2": 122.77484130859375
  }
}, {
  "renderDpi": 150,
  "name": "V",
  "page": 31,
  "figType": "Table",
  "regionBoundary": {
    "x1": 135.84,
    "y1": 154.56,
    "x2": 476.15999999999997,
    "y2": 315.36
  },
  "caption": "Table V. Overview of TREC Collections. The Meanings of the Acronyms are the Following: WSJ = Wall Street Journal, AP = Associated Press newswire, ZIFF = Computer Select Articles (Ziff-Davis), FR = Federal Register, DOE = Abstracts of U.S. Department of Energy publications, SJMN = San Jose Mercury News, PAT = U.S. Patents, FT = Financial Times, CR = Congressional Record, FBIS = Foreign Broadcast Information Service",
  "imageText": ["GOV2", "2004", "crawl", "of", "446", "25,205,179", "691", ".gov", "domain", "Internet", "Archive", "Disk", "5", "FBIS,", "the", "LA", "Times", "0.9", "262,367", "535", "WT10g", "1997", "crawl", "of", "the", "10", "1,692,096", "412", "Disk", "4", "FT", "(1991-1994),", "FR", "(1994)", "1.1", "293,710", "547", "CR", "(1993)", "Disk", "3", "SJMN", "(1991),", "AP", "(1990)", "1.1", "336,310", "481", "ZIFF,", "PAT", "(1993)", "Disk", "2", "WSJ", "(1990-1992),", "AP", "(1988)", "0.8", "231,219", "555", "FR", "(1989),", "ZIFF", "Disk", "1", "WSJ", "(1986-1989),", "AP", "(1989)", "1.2", "510,637", "348", "FR", "(1989),", "ZIFF,", "DOE", "TREC", "Description", "Size", "Number", "of", "Mean", "number", "of", "collection", "(gigabytes)", "docs", "terms", "per", "doc"],
  "renderURL": "/Users/zhengshuangjing/Desktop/figure_data/CSUR-2012-TableV-1.png",
  "captionBoundary": {
    "x1": 137.04006958007812,
    "y1": 109.16830444335938,
    "x2": 475.0344543457031,
    "y2": 149.65478515625
  }
}, {
  "renderDpi": 150,
  "name": "2",
  "page": 19,
  "figType": "Figure",
  "regionBoundary": {
    "x1": 134.88,
    "y1": 106.56,
    "x2": 476.15999999999997,
    "y2": 446.4
  },
  "caption": "Fig. 2. The first ten results returned by Google in response to the query “foreign minorities Germany” (as of May 2009).",
  "imageText": [],
  "renderURL": "/Users/zhengshuangjing/Desktop/figure_data/CSUR-2012-Figure2-1.png",
  "captionBoundary": {
    "x1": 108.83999633789062,
    "y1": 454.28826904296875,
    "x2": 503.2841491699219,
    "y2": 467.89483642578125
  }
}]