[{
  "renderDpi": 150,
  "name": "1",
  "page": 5,
  "figType": "Figure",
  "regionBoundary": {
    "x1": 320.64,
    "y1": 53.76,
    "x2": 549.12,
    "y2": 114.24
  },
  "caption": "Figure 1: The decomposition of the leaf nodes (processed subtrees). Algorithm 1 recursively constructs the trees Ti, T j, and Ts from the sets S i, S j, and S s. These trees are merged into a new leaf node, which is included with the other leaf nodes in S ∅.",
  "imageText": [],
  "renderURL": "/Users/zhengshuangjing/Desktop/figure_data/iia-www2016-Figure1-1.png",
  "captionBoundary": {
    "x1": 316.8119812011719,
    "y1": 118.08135986328125,
    "x2": 555.9187622070312,
    "y2": 156.6409912109375
  }
}, {
  "renderDpi": 150,
  "name": "4",
  "page": 9,
  "figType": "Figure",
  "regionBoundary": {
    "x1": 53.28,
    "y1": 53.76,
    "x2": 294.24,
    "y2": 373.44
  },
  "caption": "Figure 4: Top: Nest structure for the JAPANESECUISINE dataset. The tree contains sensible nests such as {sushi, unagi} and less obvious structure, such as the {teppan grill, monja} nest. The recovered nested logit model has better likelihood compared to the multinomial logit model (see Table 5). Bottom: Nest structure for the LASTFMGENRE dataset (leaf node children of the root are omitted). The names are of the format genre_position, where position indicates the position in the sequence of plays. The tree contains several sensible pairings (e.g., singer-songwriter_1 and alternative_3), but does not improve upon the likelihood of the multinomial logit model.",
  "imageText": ["metal_2", "alternative_2", "alternative_3", "seen_live_2", "hip-hop_2", "hip-hop_3", "electronic_1", "electronic_2", "indie_1", "indie_2", "indie_3", "hard_rock_3", "hard_rock_2", "female_vocalists_1", "singer-songwriter_2", "singer-songwriter_1", "classic_rock_2", "classic_rock_3", "grunge_2", "pop_3pop_2", "pop_1", "progressive_rock_2", "progressive_rock_3", "rock_2", "rock_3", "rock_1", "emo_2", "female_vocalists_3", "female_vocalists_2", "folk_2", "punk_3", "punk_2", "industrial_1", ".02", ".0", "6", ".33", ".12", ".63", ".06", ".69", ".75", ".20", ".70", ".25", ".53", ".30", ".04", ".66", ".48", ".19", ".34", ".02", ".24", ".30", ".16", ".59", ".0", "6", ".52", ".20", ".67", ".08", ".23", ".05", ".70", ".49", ".30", ".79", ".04", ".06", ".51", ".21", ".37", ".06", ".33", ".70", ".49", ".05", ".71", ".31", ".24", ".04", ".67", ".1", "8", ".32", "authentic", "Japanese", "yakitori", "okonomiyaki", "shabu", "shabu", "and", "sukiyaki", "teppan", "grill", "Japanese", "curry", "monja", "yakiniku", "kaiseki", "Japanese", "izakaya", "high", "quality", "Japanese", "unagi", "hot", "pot", "okinawan", "casual", "sushi", "tempura", "dish", "mordern", "izakaya", "shabu", "shabu", "kyoto", "cuisine", "oden", "asian", "fusion", "Japanese", "hot", "pot", "fugu", "ramen", "regional", "Japanese", "casual", "Japanese", "style", "asian", "Japanese", "(general)", "sushi", "pan", "asian", "Japanized", "western", "food", ".61", ".05", ".52", ".0", "3", ".04", ".03", ".0", "4", ".04", ".05", ".03", ".04", ".03", ".0", "4", ".04", ".07", ".48", ".39", ".03", ".62", ".03", ".05", ".03", ".03", ".0", "3", ".0", "3", ".04.0", "4", ".03", ".03", ".03", ".04", ".38", ".03", ".47", ".53"],
  "renderURL": "/Users/zhengshuangjing/Desktop/figure_data/iia-www2016-Figure4-1.png",
  "captionBoundary": {
    "x1": 53.79800033569336,
    "y1": 379.8483581542969,
    "x2": 292.905029296875,
    "y2": 490.2889709472656
  }
}, {
  "renderDpi": 150,
  "name": "2",
  "page": 7,
  "figType": "Figure",
  "regionBoundary": {
    "x1": 358.56,
    "y1": 55.68,
    "x2": 514.0799999999999,
    "y2": 150.72
  },
  "caption": "Figure 2: Tree for generating synthetic data. Figure 3 shows the trees recovered by our algorithm for various sample sizes.",
  "imageText": [".40", ".30", ".30", ".30", ".20", ".50", "CBA", "ABC", ".30", ".70", "ED", "DE", ".50", ".50", ".20", ".80", "GF", "FG", ".40", ".60", "IH", "HI", "FGHI", "ABCDEFGHI"],
  "renderURL": "/Users/zhengshuangjing/Desktop/figure_data/iia-www2016-Figure2-1.png",
  "captionBoundary": {
    "x1": 316.81201171875,
    "y1": 156.4853515625,
    "x2": 555.9188232421875,
    "y2": 172.77899169921875
  }
}, {
  "renderDpi": 150,
  "name": "1",
  "page": 3,
  "figType": "Table",
  "regionBoundary": {
    "x1": 52.8,
    "y1": 113.75999999999999,
    "x2": 300.0,
    "y2": 198.23999999999998
  },
  "caption": "Table 1: Characteristics of the datasets. The choice sets in all datasets are of size 3, except for SFWORK, which has choice sets of size 3, 4, 5, and 6. The number of item pairs counts the number of (i, j) item pairs, where i and j co-occur in at least one choice set where i or j is selected.",
  "imageText": ["RESTAURANTS", "406K", "3.77K", "2.22K", "25.6K", "JAPANESECUISINE", "42.5K", "31", "127", "634", "LASTFMARTISTS", "146K", "15.5K", "3.31K", "63.7K", "LASTFMGENRE", "96.5K", "94", "258", "16.3K", "SFWORK", "5.00K", "6", "10", "12", "Dataset", "#", "selections", "#", "items", "#", "item", "#", "choice", "pairs", "sets"],
  "renderURL": "/Users/zhengshuangjing/Desktop/figure_data/iia-www2016-Table1-1.png",
  "captionBoundary": {
    "x1": 53.79800033569336,
    "y1": 64.10638427734375,
    "x2": 292.90496826171875,
    "y2": 111.78204345703125
  }
}, {
  "renderDpi": 150,
  "name": "3",
  "page": 8,
  "figType": "Figure",
  "regionBoundary": {
    "x1": 56.64,
    "y1": 55.199999999999996,
    "x2": 543.36,
    "y2": 131.04
  },
  "caption": "Figure 3: Recovered trees from synthetic data with βN2 samples, β = 10, 100, 500, 1000 (left to right). As the number of samples increases, the recovered tree becomes closer to the underlying tree generating the data (see Figure 2).",
  "imageText": [".40", ".30", ".30", ".30", ".20", ".51", "CBA", "ABC", ".30", ".70", "ED", "DE", ".50", ".50", ".20", ".80", "GF", "FG", ".40", ".60", "IH", "HI", "FGHI", "ABCDEFGHI", ".24", ".24", ".26", ".26", ".30", ".21", ".49", "CBA", "ABC", ".30", ".70", "ED", "DE", ".19", ".81", "GF", "FG", ".40", ".60", "IH", "HI", "ABCDEFGHI", ".24", ".21", ".25", ".30", ".26", ".19", ".24", ".32", "GCBA", "ABCG", ".32", ".68", "ED", "DE", "F", ".41", ".59", "IH", "HI", "ABCDEFGHI", ".60", ".40", ".17", ".13", ".14", ".15", ".19", ".21", "IGFECA", "ACEFGI", ".38", ".31", ".31", "HDB", "BDH", "ABCDEFGHI"],
  "renderURL": "/Users/zhengshuangjing/Desktop/figure_data/iia-www2016-Figure3-1.png",
  "captionBoundary": {
    "x1": 53.79800033569336,
    "y1": 137.486328125,
    "x2": 555.9188842773438,
    "y2": 153.77996826171875
  }
}, {
  "renderDpi": 150,
  "name": "5",
  "page": 8,
  "figType": "Table",
  "regionBoundary": {
    "x1": 53.76,
    "y1": 211.67999999999998,
    "x2": 291.36,
    "y2": 289.44
  },
  "caption": "Table 5: Negative log-likelihood for the recovered nested logit and multinomial logit on real-world datasets. The better model is in bold.",
  "imageText": ["SYNTHETIC", "(81K", "samples)", "82181", "85138", "SFWORK", "4126", "4132", "JAPANESECUISINE", "46217", "46272", "LASTFMGENRE", "67358", "62817", "Negative", "log-likelihood", "Dataset", "nested", "logit", "multinomial", "logit"],
  "renderURL": "/Users/zhengshuangjing/Desktop/figure_data/iia-www2016-Table5-1.png",
  "captionBoundary": {
    "x1": 53.79803466796875,
    "y1": 183.84130859375,
    "x2": 292.905029296875,
    "y2": 210.594970703125
  }
}, {
  "renderDpi": 150,
  "name": "4",
  "page": 4,
  "figType": "Table",
  "regionBoundary": {
    "x1": 346.56,
    "y1": 124.8,
    "x2": 524.16,
    "y2": 238.07999999999998
  },
  "caption": "Table 4: The 5 item pairs in the JAPANESECUISINE and LASTFMGENRE datasets that are the largest violators of IIA (least likely to satisfy IIA according to the p-value from the test statistic of SB). For the LASTFMGENRE dataset, the item format is genre_position, where position indicates the sequential slot in the three songs played.",
  "imageText": ["punk_1,", "rock_3", "1e-16", "punk_2,", "rock_3", "1e-16", "rock_1,", "electronic_3,", "2e-10", "rock_2,", "indie_3,", "9e-09", "rock_1,", "singer-songwriter_3", "4e-07", "Japanese", "(general),", "sushi", "1e-16", "Okonomiyaki,", "teppan", "grill", "1e-16", "Asian,", "sushi", "5e-12", "Monja,", "Okonomiyaki", "3e-11", "Japanese", "(general),", "Japanese", "izakaya", "1e-10", "Item", "pair", "SB", "p-value"],
  "renderURL": "/Users/zhengshuangjing/Desktop/figure_data/iia-www2016-Table4-1.png",
  "captionBoundary": {
    "x1": 316.81195068359375,
    "y1": 64.1282958984375,
    "x2": 555.9188232421875,
    "y2": 122.26495361328125
  }
}, {
  "renderDpi": 150,
  "name": "2",
  "page": 4,
  "figType": "Table",
  "regionBoundary": {
    "x1": 74.88,
    "y1": 91.67999999999999,
    "x2": 269.28,
    "y2": 156.0
  },
  "caption": "Table 2: Rejection rate of each hypothesis test at significance level 0.05 on our datasets. The JAPANESECUISINE and LASTFMGENRE datasets exhibit extreme violations of IIA.",
  "imageText": ["RESTAURANTS", "0.087", "0.066", "0.076", "0.041", "JAPANESECUISINE", "0.325", "0.238", "0.316", "0.093", "LASTFMARTISTS", "0.106", "0.102", "0.129", "0.049", "LASTFMGENRE", "0.300", "0.143", "0.284", "0.094", "Test", "Dataset", "SB", "MSB", "AMSB", "CSB"],
  "renderURL": "/Users/zhengshuangjing/Desktop/figure_data/iia-www2016-Table2-1.png",
  "captionBoundary": {
    "x1": 53.79800033569336,
    "y1": 64.10638427734375,
    "x2": 292.9049072265625,
    "y2": 90.86004638671875
  }
}, {
  "renderDpi": 150,
  "name": "3",
  "page": 4,
  "figType": "Table",
  "regionBoundary": {
    "x1": 63.839999999999996,
    "y1": 216.48,
    "x2": 281.28,
    "y2": 299.03999999999996
  },
  "caption": "Table 3: Rejection rate of each hypothesis test at significance level 0.05 on the filtered RESTAURANTS data, where choice sets that are susceptible to cannibalization (by analyzing metadata) are discarded. Interestingly, the rejection rates hardly change.",
  "imageText": ["None", "1.0", "0.087", "0.066", "0.076", "0.041", "Cuisine", "type", "0.98", "0.082", "0.067", "0.075", "0.041", "Price", "level", "0.67", "0.079", "0.061", "0.071", "0.039", "Star", "rating", "0.94", "0.083", "0.063", "0.070", "0.040", "Chain", "0.83", "0.087", "0.064", "0.073", "0.041", "Geography", "0.94", "0.087", "0.066", "0.072", "0.041", "Filter", "Fraction", "of", "Test", "data", "kept", "SB", "MSB", "AMSB", "CSB"],
  "renderURL": "/Users/zhengshuangjing/Desktop/figure_data/iia-www2016-Table3-1.png",
  "captionBoundary": {
    "x1": 53.79800033569336,
    "y1": 176.88336181640625,
    "x2": 292.9049987792969,
    "y2": 214.0980224609375
  }
}]