[{
  "renderDpi": 150,
  "name": "V",
  "page": 10,
  "figType": "Table",
  "regionBoundary": {
    "x1": 212.64,
    "y1": 140.64,
    "x2": 409.44,
    "y2": 362.88
  },
  "caption": "Table V. Frequency of Elements Judged Relevant for All Assessed CO+S and CAS Queries at INEX 2005",
  "imageText": ["We", "show", "only", "tag", "names", "that", "occur", "at", "least", "10", "times", "in", "total.", "CO+S", "VVCAS", "Total", "p+", "404", "(43.6%)", "558", "(57.3%)", "962", "(50.6%)", "sec+", "176", "(19.0%)", "278", "(28.5%)", "454", "(23.9%)", "it", "72", "(7.8%)", "1", "(0.1%)", "73", "(3.8%)", "item", "54", "(5.8%)", "12", "(1.2%)", "66", "(3.5%)", "tt", "31", "(3.3%)", "0", "(0.0%)", "31", "(1.6%)", "ﬁg", "20", "(2.2%)", "6", "(0.6%)", "26", "(1.4%)", "ariel", "23", "(2.5%)", "0", "(0.0%)", "23", "(1.2%)", "li", "5", "(0.5%)", "18", "(1.8%)", "23", "(1.2%)", "abs", "7", "(0.8%)", "15", "(1.5%)", "22", "(1.2%)", "list", "2", "(0.2%)", "20", "(2.1%)", "22", "(1.2%)", "st", "13", "(1.4%)", "7", "(0.7%)", "20", "(1.1%)", "ref", "18", "(1.9%)", "0", "(0.0%)", "18", "(0.9%)", "art", "13", "(1.4%)", "3", "(0.3%)", "16", "(0.8%)", "fgc", "6", "(0.6%)", "6", "(0.6%)", "12", "(0.6%)", "url", "12", "(1.3%)", "0", "(0.0%)", "12", "(0.6%)", "b", "11", "(1.2%)", "0", "(0.0%)", "11", "(0.6%)", "la", "1", "(0.1%)", "10", "(1.0%)", "11", "(0.6%)", "label", "11", "(1.2%)", "0", "(0.0%)", "11", "(0.6%)", "lit", "10", "(1.1%)", "1", "(0.1%)", "11", "(0.6%)"],
  "renderURL": "/Users/zhengshuangjing/Desktop/figure_data/kamps-articulating-2006-TableV-1.png",
  "captionBoundary": {
    "x1": 213.89390563964844,
    "y1": 120.13556671142578,
    "x2": 408.30609130859375,
    "y2": 134.8603515625
  }
}, {
  "renderDpi": 150,
  "name": "VI",
  "page": 10,
  "figType": "Table",
  "regionBoundary": {
    "x1": 186.72,
    "y1": 404.64,
    "x2": 435.35999999999996,
    "y2": 528.96
  },
  "caption": "Table VI. Frequency of Relevant Elements for Queries Asking for Elements With Tag Name",
  "imageText": ["Frequency", "of", "relevant", "elements", "are", "in", "columns;", "elements", "with", "tag", "names", "are", "in", "rows.", "The", "number", "of", "aggregated", "queries", "is", "indicated", "between", "brackets.", "VVCAS", "article", "sec+", "p+", "abs", "vt", "Other", "article", "(2)", "1.3%", "35.3%", "52.3%", "1.8%", "—", "9.3%", "sec", "(5)", "—", "13.9%", "74.5%", "0.1%", "—", "11.5%", "p", "(1)", "—", "10.5%", "71.1%", "2.6%", "—", "15.8%", "*", "(1)", "—", "54.5%", "45.5%", "—", "—", "—", "CO+S", "article", "sec+", "p+", "abs", "vt", "Other", "article", "(6)", "—", "18.4%", "70.4%", "1.0%", "—", "10.6%", "sec", "(9)", "—", "32.7%", "38.8%", "2.8%", "—", "25.7%", "*", "(2)", "—", "45.1%", "23.3%", "—", "—", "31.6%"],
  "renderURL": "/Users/zhengshuangjing/Desktop/figure_data/kamps-articulating-2006-TableVI-1.png",
  "captionBoundary": {
    "x1": 190.18080139160156,
    "y1": 384.4094543457031,
    "x2": 432.0158996582031,
    "y2": 399.13421630859375
  }
}, {
  "renderDpi": 150,
  "name": "6",
  "page": 24,
  "figType": "Figure",
  "regionBoundary": {
    "x1": 199.68,
    "y1": 120.47999999999999,
    "x2": 423.35999999999996,
    "y2": 292.8
  },
  "caption": "Fig. 6. Two examples of simulations, but not bisimulations.",
  "imageText": ["paragraph", "paragraph", "subsection", "section", "paragraph", "subsection", "section", "paragraph", "subsection", "section", "paragraph", "section"],
  "renderURL": "/Users/zhengshuangjing/Desktop/figure_data/kamps-articulating-2006-Figure6-1.png",
  "captionBoundary": {
    "x1": 200.10560607910156,
    "y1": 305.1995544433594,
    "x2": 422.092041015625,
    "y2": 309.9617004394531
  }
}, {
  "renderDpi": 150,
  "name": "IX",
  "page": 14,
  "figType": "Table",
  "regionBoundary": {
    "x1": 190.56,
    "y1": 265.92,
    "x2": 431.03999999999996,
    "y2": 288.0
  },
  "caption": "Table IX. Mean Reciprocal Rank Scores (trec eval)",
  "imageText": ["Content-Only", "Target-Only", "Structured", "MRR", "0.3491", "0.4403", "(+26.1%)", "0.5085", "(+45.7%)"],
  "renderURL": "/Users/zhengshuangjing/Desktop/figure_data/kamps-articulating-2006-TableIX-1.png",
  "captionBoundary": {
    "x1": 215.2209014892578,
    "y1": 255.32154846191406,
    "x2": 406.9858093261719,
    "y2": 260.08367919921875
  }
}, {
  "renderDpi": 150,
  "name": "VIII",
  "page": 14,
  "figType": "Table",
  "regionBoundary": {
    "x1": 182.88,
    "y1": 140.64,
    "x2": 439.2,
    "y2": 236.16
  },
  "caption": "Table VIII. Mean Precision (trec eval) and Cumulative Gain (EvalJ) at Ranks 5, 10, 20, and 30",
  "imageText": ["Precision", "Content-Only", "Target-Only", "Full-Structure", "P@5", "0.2000", "0.2840", "(+42.0%)", "0.3265", "(+63.3%)", "P@10", "0.1820", "0.2460", "(+35.2%)", "0.2531", "(+39.1%)", "P@20", "0.1700", "0.1880", "(+10.6%)", "0.1796", "(+5.6%)", "P@30", "0.1527", "0.1653", "(+8.3%)", "0.1531", "(+0.3%)", "nxCG@5", "0.2220", "0.2840", "(+27.9%)", "0.3265", "(+47.1%)", "nxCG@10", "0.2217", "0.2536", "(+14.4%)", "0.2633", "(+18.8%)", "nxCG@20", "0.2358", "0.2122", "(−10.0%)", "0.2025", "(−14.1%)", "nxCG@30", "0.2391", "0.1978", "(−17.3%)", "0.1842", "(−23.0%)"],
  "renderURL": "/Users/zhengshuangjing/Desktop/figure_data/kamps-articulating-2006-TableVIII-1.png",
  "captionBoundary": {
    "x1": 197.13670349121094,
    "y1": 120.13556671142578,
    "x2": 425.0666198730469,
    "y2": 134.8603515625
  }
}, {
  "renderDpi": 150,
  "name": "3",
  "page": 20,
  "figType": "Figure",
  "regionBoundary": {
    "x1": 175.68,
    "y1": 121.44,
    "x2": 448.32,
    "y2": 239.04
  },
  "caption": "Fig. 3. Two XML documents and their corresponding structure trees.",
  "imageText": ["paragraph", "paragraph", "root", "</root>", "Here", "is", "some", "more", "text.", "</paragraph>", "Here", "is", "some", "text.", "</paragraph>", "<paragraph>", "<root>", "<paragraph>", "paragraph", "root", "</paragraph>", "</root>", "Here", "is", "some", "text.", "Here", "is", "some", "more", "text.", "<root>", "<paragraph>"],
  "renderURL": "/Users/zhengshuangjing/Desktop/figure_data/kamps-articulating-2006-Figure3-1.png",
  "captionBoundary": {
    "x1": 182.24859619140625,
    "y1": 252.2003936767578,
    "x2": 439.946533203125,
    "y2": 256.9625244140625
  }
}, {
  "renderDpi": 150,
  "name": "I",
  "page": 6,
  "figType": "Table",
  "regionBoundary": {
    "x1": 186.72,
    "y1": 140.64,
    "x2": 435.35999999999996,
    "y2": 268.32
  },
  "caption": "Table I. Frequency of Requested Elements in the 30 CAS Queries of INEX 2003 and 34 CAS Queries of INEX 2004",
  "imageText": ["Element", "2003", "2004", "Total", "sec", "(section)", "10", "(33.3%)", "16", "(47.1%)", "26", "(40.6%)", "article", "12", "(40.0%)", "5", "(14.7%)", "17", "(26.6%)", "p", "(paragraph)", "1", "(3.3%)", "4", "(11.8%)", "5", "(7.8%)", "*", "(wildcard)", "2", "(6.7%)", "2", "(5.9%)", "4", "(6.3%)", "abs", "(abstract)", "2", "(6.7%)", "2", "(5.9%)", "4", "(6.3%)", "bb", "(bibliography", "entry)", "1", "(3.3%)", "1", "(2.9%)", "2", "(3.1%)", "vt", "(vita)", "1", "(3.3%)", "1", "(2.9%)", "2", "(3.1%)", "bdy", "(body)", "—", "1", "(2.9%)", "1", "(1.6%)", "bib", "(bibliography)", "—", "1", "(2.9%)", "1", "(1.6%)", "ﬁg", "(ﬁgure)", "—", "1", "(2.9%)", "1", "(1.6%)", "fm", "(front", "matter)", "1", "(3.3%)", "—", "1", "(1.6%)"],
  "renderURL": "/Users/zhengshuangjing/Desktop/figure_data/kamps-articulating-2006-TableI-1.png",
  "captionBoundary": {
    "x1": 190.02139282226562,
    "y1": 120.13556671142578,
    "x2": 432.177734375,
    "y2": 134.8603515625
  }
}, {
  "renderDpi": 150,
  "name": "4",
  "page": 21,
  "figType": "Figure",
  "regionBoundary": {
    "x1": 204.95999999999998,
    "y1": 121.92,
    "x2": 410.88,
    "y2": 176.64
  },
  "caption": "Fig. 4. Example of two indiscernible documents for structure-unaware users.",
  "imageText": ["<root>", "<section>", "</section>", "<theorem>", "</theorem>", "</root>", "</section>", "</root>", "<theorem>", "</theorem>", "<root>", "<section>"],
  "renderURL": "/Users/zhengshuangjing/Desktop/figure_data/kamps-articulating-2006-Figure4-1.png",
  "captionBoundary": {
    "x1": 163.73300170898438,
    "y1": 190.2008819580078,
    "x2": 450.1384582519531,
    "y2": 194.9630126953125
  }
}, {
  "renderDpi": 150,
  "name": "IV",
  "page": 9,
  "figType": "Table",
  "regionBoundary": {
    "x1": 198.72,
    "y1": 140.64,
    "x2": 415.2,
    "y2": 205.44
  },
  "caption": "Table IV. Frequency of Requested Elements in the 28 CO+S Queries and 17 CAS Queries of INEX 2005",
  "imageText": ["Element", "CO+S", "CAS", "Total", "sec", "(section)", "14", "(50.0%)", "12", "(70.6%)", "26", "(57.8%)", "article", "6", "(21.4%)", "2", "(11.8%)", "8", "(17.8%)", "*", "(wildcard)", "7", "(25.0%)", "1", "(5.9%)", "8", "(17.8%)", "p", "(paragraph)", "—", "2", "(11.8%)", "2", "(4.4%)", "bdy", "(body)", "1", "(3.6%)", "—", "1", "(2.2%)"],
  "renderURL": "/Users/zhengshuangjing/Desktop/figure_data/kamps-articulating-2006-TableIV-1.png",
  "captionBoundary": {
    "x1": 208.2799072265625,
    "y1": 120.13556671142578,
    "x2": 405.5956115722656,
    "y2": 134.8603515625
  }
}, {
  "renderDpi": 150,
  "name": "II",
  "page": 7,
  "figType": "Table",
  "regionBoundary": {
    "x1": 193.92,
    "y1": 140.64,
    "x2": 420.47999999999996,
    "y2": 394.56
  },
  "caption": "Table II. Frequency of Elements Judged Relevant for All Assessed CAS Queries at INEX 2003 and 2004",
  "imageText": ["We", "only", "show", "tag", "names", "that", "occur", "at", "least", "10", "times", "over", "both", "years.", "Element", "2003", "2004", "Total", "p+", "370", "(23.45%)", "854", "(31.41%)", "1224", "(28.48%)", "sec+", "580", "(36.78%)", "262", "(9.64%)", "842", "(19.60%)", "vt", "41", "(2.60%)", "747", "(27.47%)", "788", "(18.34%)", "article", "188", "(11.92%)", "73", "(2.68%)", "261", "(6.08%)", "bb", "94", "(5.96%)", "104", "(3.82%)", "198", "(4.61%)", "bdy", "145", "(9.19%)", "36", "(1.32%)", "181", "(4.21%)", "au", "0", "(0.00%)", "110", "(4.05%)", "110", "(2.56%)", "fnm", "0", "(0.00%)", "104", "(3.82%)", "104", "(2.42%)", "st", "14", "(0.89%)", "90", "(3.31%)", "104", "(2.42%)", "ﬁg", "8", "(0.51%)", "53", "(1.95%)", "61", "(1.42%)", "abs", "27", "(1.71%)", "13", "(0.48%)", "40", "(0.93%)", "it", "2", "(0.13%)", "37", "(1.36%)", "39", "(0.91%)", "ref", "0", "(0.00%)", "34", "(1.25%)", "34", "(0.79%)", "scp", "0", "(0.00%)", "32", "(1.18%)", "32", "(0.74%)", "atl", "5", "(0.32%)", "23", "(0.85%)", "28", "(0.65%)", "app", "17", "(1.08%)", "9", "(0.33%)", "26", "(0.61%)", "fm", "14", "(0.89%)", "11", "(0.40%)", "25", "(0.58%)", "li", "14", "(0.89%)", "9", "(0.33%)", "23", "(0.54%)", "bm", "11", "(0.70%)", "9", "(0.33%)", "20", "(0.47%)", "list", "12", "(0.76%)", "2", "(0.07%)", "14", "(0.33%)", "item", "11", "(0.70%)", "1", "(0.04%)", "12", "(0.28%)", "b", "1", "(0.06%)", "10", "(0.37%)", "11", "(0.26%)"],
  "renderURL": "/Users/zhengshuangjing/Desktop/figure_data/kamps-articulating-2006-TableII-1.png",
  "captionBoundary": {
    "x1": 202.13099670410156,
    "y1": 120.13556671142578,
    "x2": 411.7445983886719,
    "y2": 134.8603515625
  }
}, {
  "renderDpi": 150,
  "name": "X",
  "page": 18,
  "figType": "Table",
  "regionBoundary": {
    "x1": 132.96,
    "y1": 130.56,
    "x2": 489.12,
    "y2": 235.2
  },
  "caption": "Table X. Classification of the INEX 2003 and 2004 CAS Queries",
  "imageText": ["in", "context", "133,", "139,", "140,", "146,", "149,", "150,", "154,", "155,", "156,", "157,", "161", "(c)", "Search", "hints", "13%", "6%", "9%", "67,", "69,", "80,", "83,", "147,", "153", "(d)", "Search", "hints", "40%", "32%", "36%", "65,", "66,", "70,", "71,", "72,", "76,", "81,", "82,", "85,", "87,", "88,", "89", "information", "128,", "129,", "130,", "131,", "132,134,", "135,", "137,", "138,141,", "144,", "145,", "151,", "158,", "159,", "160", "Fraction", "Category", "2003", "2004", "Total", "Query", "Numbers", "(a)", "Restricted", "search", "13%", "15%", "14%", "78,", "79,", "84,", "86,", "127,", "136,", "142,", "143,", "152", "(b)", "Contextual", "content", "33%", "47%", "41%", "61,", "62,", "63,", "64,", "68,", "73,", "74,", "75,", "77,", "90,"],
  "renderURL": "/Users/zhengshuangjing/Desktop/figure_data/kamps-articulating-2006-TableX-1.png",
  "captionBoundary": {
    "x1": 192.84280395507812,
    "y1": 120.13556671142578,
    "x2": 429.3562927246094,
    "y2": 124.897705078125
  }
}, {
  "renderDpi": 150,
  "name": "XI",
  "page": 18,
  "figType": "Table",
  "regionBoundary": {
    "x1": 134.88,
    "y1": 264.96,
    "x2": 487.2,
    "y2": 379.2
  },
  "caption": "Table XI. Classification of the INEX 2005 CO+S and CAS Topics",
  "imageText": ["in", "context", "(c)", "Search", "hints", "11%", "12%", "11%", "205,", "211,", "216,", "250,", "260", "(d)", "Search", "hints", "7%", "6%", "7%", "239,", "240,", "265", "content", "information", "228,", "229,", "232,", "233,", "234,", "238,", "244,", "247,", "253,", "256,", "258,", "261,", "264,", "269,", "275,", "280,", "284,", "288", "Category", "CO+S", "CAS", "Total", "Query", "Numbers", "(a)", "Restricted", "search", "32%", "12%", "24%", "203,", "207,", "208,", "210,", "212,", "219,", "230,", "231,", "236,", "257,", "270", "(b)", "Contextual", "content", "50%", "71%", "58%", "202,", "204,", "220,", "222,", "223,", "224,", "225,", "226,", "Fraction"],
  "renderURL": "/Users/zhengshuangjing/Desktop/figure_data/kamps-articulating-2006-TableXI-1.png",
  "captionBoundary": {
    "x1": 191.2886962890625,
    "y1": 254.4070587158203,
    "x2": 430.9169616699219,
    "y2": 259.169189453125
  }
}, {
  "renderDpi": 150,
  "name": "2",
  "page": 16,
  "figType": "Figure",
  "regionBoundary": {
    "x1": 151.68,
    "y1": 117.6,
    "x2": 471.35999999999996,
    "y2": 391.2
  },
  "caption": "Fig. 2. Four categories of queries.",
  "imageText": [],
  "renderURL": "/Users/zhengshuangjing/Desktop/figure_data/kamps-articulating-2006-Figure2-1.png",
  "captionBoundary": {
    "x1": 247.6990966796875,
    "y1": 401.19854736328125,
    "x2": 374.50341796875,
    "y2": 405.960693359375
  }
}, {
  "renderDpi": 150,
  "name": "7",
  "page": 26,
  "figType": "Figure",
  "regionBoundary": {
    "x1": 251.51999999999998,
    "y1": 121.92,
    "x2": 372.47999999999996,
    "y2": 230.39999999999998
  },
  "caption": "Fig. 7. Document trees that do not bisimulate.",
  "imageText": ["theorem", "section", "root", "theorem", "section", "section", "root"],
  "renderURL": "/Users/zhengshuangjing/Desktop/figure_data/kamps-articulating-2006-Figure7-1.png",
  "captionBoundary": {
    "x1": 223.90040588378906,
    "y1": 243.20008850097656,
    "x2": 398.2989196777344,
    "y2": 247.96221923828125
  }
}, {
  "renderDpi": 150,
  "name": "5",
  "page": 23,
  "figType": "Figure",
  "regionBoundary": {
    "x1": 193.44,
    "y1": 121.92,
    "x2": 421.91999999999996,
    "y2": 196.79999999999998
  },
  "caption": "Fig. 5. Example of two documents that are indiscernible for hierarchy-aware users with respect to section/paragraph nesting.",
  "imageText": ["</root>", "</subsection>", "</section>", "<subsection>", "<paragraph>", "</paragraph>", "<root>", "<section>", "</section>", "</root>", "<subsection>", "</subsection>", "<paragraph>", "</paragraph>", "<root>", "<section>"],
  "renderURL": "/Users/zhengshuangjing/Desktop/figure_data/kamps-articulating-2006-Figure5-1.png",
  "captionBoundary": {
    "x1": 127.6134033203125,
    "y1": 210.2007598876953,
    "x2": 486.2543029785156,
    "y2": 224.925537109375
  }
}, {
  "renderDpi": 150,
  "name": "III",
  "page": 8,
  "figType": "Table",
  "regionBoundary": {
    "x1": 178.56,
    "y1": 140.64,
    "x2": 443.03999999999996,
    "y2": 365.76
  },
  "caption": "Table III. Frequency of Relevant Elements for Queries Asking for Elements with Tag Name",
  "imageText": ["Frequency", "of", "relevant", "elements", "are", "in", "columns;", "elements", "with", "tag", "names", "are", "in", "rows.", "The", "number", "of", "aggregated", "queries", "is", "indicated", "between", "brackets.", "Total", "article", "sec+", "p+", "abs", "vt", "Other", "article", "(12)", "18.5%", "15.2%", "11.8%", "0.1%", "0.5%", "42.2%", "sec", "(20)", "5.2%", "38.6%", "25.9%", "1.4%", "0.2%", "16.6%", "p", "(5)", "5.6%", "21.1%", "49.3%", "3.5%", "—", "9.9%", "abs", "(4)", "9.3%", "37.3%", "22.8%", "11.9%", "—", "8.5%", "vt", "(2)", "—", "—", "42.9%", "—", "53.1%", "4.0%", "2004", "article", "sec+", "p+", "abs", "vt", "Other", "article", "(2)", "10.8%", "1.3%", "1.6%", "—", "—", "82.3%", "sec", "(10)", "3.3%", "27.7%", "24.7%", "0.9%", "0.4%", "43.0%", "p", "(4)", "4.0%", "26.0%", "48.0%", "—", "—", "22.0%", "abs", "(2)", "16.0%", "—", "24.0%", "24.0%", "—", "36.0%", "vt", "(1)", "—", "—", "44.0%", "—", "52.0%", "4.0%", "2003", "article", "sec+", "p+", "abs", "vt", "Other", "article", "(10)", "24.4%", "26.0%", "19.8%", "0.2%", "0.8%", "10.2%", "sec", "(10)", "7.3%", "50.1%", "27.2%", "1.8%", "—", "4.9%", "p", "(1)", "6.5%", "18.5%", "50.0%", "5.4%", "—", "9.8%", "abs", "(2)", "7.5%", "47.3%", "22.6%", "8.6%", "—", "6.5%", "vt", "(1)", "—", "—", "—", "—", "97.4%", "2.6%"],
  "renderURL": "/Users/zhengshuangjing/Desktop/figure_data/kamps-articulating-2006-TableIII-1.png",
  "captionBoundary": {
    "x1": 189.81419372558594,
    "y1": 120.13556671142578,
    "x2": 432.382568359375,
    "y2": 134.8603515625
  }
}]