[{
  "renderDpi": 150,
  "name": "1",
  "page": 5,
  "figType": "Table",
  "regionBoundary": {
    "x1": 52.8,
    "y1": 81.6,
    "x2": 566.4,
    "y2": 287.03999999999996
  },
  "caption": "Table 1: Top object properties in the SemSearch collections by estimated likelihood (Recall) of connecting retrieved and relevant entities.",
  "imageText": [".", ".", ".", "<http://dbpedia.org/property/redirect>", "1.79%", "0.24%", "<skos:broader>", "1.10%", "0.67%", "<http://xmlns.com/foaf/0.1/homepage>", "1.79%", "2.08%", "<http://swat[...]/nsfaward.owl#piOrg>", "1.10%", "67.44%", "<http://dbpedia.org/property/reference>", "1.79%", "1.75%", "<http://xmlns.com/foaf/0.1/page>", "0.55%", "0.13%", "<http://rdfs.org/sioc/ns#links", "to>", "1.79%", "0.04%", "<http://dbpedia.org/property/wikilink>", "89.50%", "0.44%", "<http://dbpedia.org/property/wikilink>", "37.50%", "0.41%", "<skos:subject>", "4.42%", "0.22%", "<skos:subject>", "37.50%", "0.32%", "<http://www.w3.org/2002/07/owl#sameAs>", "1.66%", "1.66%", "<http://www.w3.org/2002/07/owl#sameAs>", "10.71%", "0.7%", "<http://dbpedia.org/property/disambiguates>", "1.10%", "0.89%", "<skos:broader>", "7.14%", "0.93%", "2", "0", "1", "1", "rc", "h", "S", "ea", "S", "em", "<http://dbpedia.org/property/redirect>", "0.25%", "3.91%", "<http://dbpedia.org/ontology/producer>", "0.43%", "2.87%", "<http://dbpedia.org/ontology/artist>", "0.80%", "1.97%", "<http://dbpedia.org/property/region>", "0.43%", "8.37%", ".", ".", ".", "<http://dbpedia.org/property/ﬁrst>", "0.37%", "7.32%", "<http://dbpedia.org/property/disambiguates>", "0.68%", "1.98%", "<skos:subject>", "1.33%", "1.87%", "<http://dbpedia.org/property/title>", "0.55%", "1.81%", "<http://xmlns.com/foaf/0.1/homepage>", "1.33%", "2.95%", "<http://dbpedia.org/property/wikilink>", "82.10%", "0.81%", "<http://dbpedia.org/property/wikilink>", "67.73%", "0.52%", "<skos:subject>", "11.75%", "0.7%", "<http://dbpedia.org/property/redirect>", "7.47%", "0.44%", "<http://www.w3.org/2002/07/owl#sameAs>", "1.60%", "1.54%", "<http://www.w3.org/2002/07/owl#sameAs>", "2.93%", "0.76%", "<http://dbpedia.org/ontology/artist>", "0.98%", "15.42%", "<http://dbpedia.org/property/disambiguates>", "1.60%", "3.85%", "2", "0", "1", "0", "rc", "h", "S", "ea", "S", "em", "From", "retrieved", "(x)", "to", "relevant", "entities", "(y)", "From", "relevant", "(y)", "to", "retrieved", "entities", "(x)", "Object", "Property", "Recall", "Prec", "Object", "Property", "Recall", "Prec"],
  "renderURL": "/Users/zhengshuangjing/Desktop/figure_data/maroux-sigir12-Table1-1.png",
  "captionBoundary": {
    "x1": 53.79800033569336,
    "y1": 66.00282287597656,
    "x2": 555.9188842773438,
    "y2": 80.873046875
  }
}, {
  "renderDpi": 150,
  "name": "2",
  "page": 6,
  "figType": "Table",
  "regionBoundary": {
    "x1": 117.6,
    "y1": 90.72,
    "x2": 492.0,
    "y2": 191.04
  },
  "caption": "Table 2: Top datatype properties with 10+ occurrences ranked by JW (e′, q) text similarity on the 2010 collection.",
  "imageText": ["<http://dbpedia.org/property/oﬃcialName>", "0.6623", "54", "<http://purl.org/dc/elements/1.1/title>", "0.6711", "236", "<http://sw.opencyc.org/concept/Mx4rwLSVCpwpEbGdrcN5Y29ycA>", "0.6680", "48", "<http://www.geonames.org/ontology#name>", "0.7444", "78", "<http://www.aktors.org/ontology/portal#full-name>", "0.7360", "55", "<http://dbpedia.org/property/wikiquoteProperty>", "0.7096", "10", "<http://www.w3.org/2004/02/skos/core#prefLabel>", "0.6911", "158", "<http://dbpedia.org/property/county>", "0.8005", "17", "<http://www.daml.org/2003/02/ﬁps55/ﬁps-55-ont#name>", "0.7674", "27", "Datatype", "Property", "JW(e’,q)", "Occurrences", "<http://www.w3.org/2006/03/wn/wn20/schema/lexicalForm>", "0.8449", "19"],
  "renderURL": "/Users/zhengshuangjing/Desktop/figure_data/maroux-sigir12-Table2-1.png",
  "captionBoundary": {
    "x1": 53.79800033569336,
    "y1": 66.40779113769531,
    "x2": 555.9241333007812,
    "y2": 81.27899169921875
  }
}, {
  "renderDpi": 150,
  "name": "8",
  "page": 9,
  "figType": "Table",
  "regionBoundary": {
    "x1": 74.88,
    "y1": 53.76,
    "x2": 535.1999999999999,
    "y2": 145.92
  },
  "caption": "Table 8: Graph-based approaches with scope one and two queries compared to the IR baseline. * indicates statistically significant difference against the BM25 baseline.",
  "imageText": ["S1", "1", "0.2586*", "(+25%)", "0.3848*", "(+15%)", "0.5965", "(+1%)", "0.1657", "(+12%)", "0.2140", "(+6%)", "0.4426", "(+4%)", "S1", "2", "0.2305*", "(+11%)", "0.3217", "(-4%)", "0.5724*", "(-3%)", "0.1731", "(+17%)", "0.2180", "(+8%)", "0.4532", "(+6%)", "S1", "3", "0.2306*", "(+11%)", "0.3217", "(-4%)", "0.5721*", "(-4%)", "0.1716", "(+16%)", "0.2140", "(+6%)", "0.4501", "(+5%)", "S2", "1", "0.2118", "(+2%)", "0.3370", "(+1%)", "0.5971", "(+1%)", "0.1550", "(+4%)", "0.2060", "(+2%)", "0.4376", "(+3%)", "S2", "2", "0.2118", "(+2%)", "0.3370", "(+1%)", "0.5965", "(+1%)", "0.1555", "(+5%)", "0.2080", "(+3%)", "0.4379", "(+3%)", "S2", "3", "0.2113", "(+2%)", "0.3402", "(+2%)", "0.5978", "(+1%)", "0.1589", "(+7%)", "0.2120", "(+5%)", "0.4385", "(+3%)", "BM25", "0.2070", "0.3348", "0.5920", "0.1484", "0.2020", "0.4267", "SAMEAS", "0.2293*", "(+11%)", "0.363*", "(+8%)", "0.5932", "(+0%)", "0.1612", "(+9%)", "0.2200", "(+9%)", "0.4433", "(+4%)", "2010", "Collection", "2011", "Collection", "MAP", "P10", "NDCG", "MAP", "P10", "NDCG"],
  "renderURL": "/Users/zhengshuangjing/Desktop/figure_data/maroux-sigir12-Table8-1.png",
  "captionBoundary": {
    "x1": 53.79800033569336,
    "y1": 158.52479553222656,
    "x2": 555.9260864257812,
    "y2": 173.39599609375
  }
}, {
  "renderDpi": 150,
  "name": "6",
  "page": 7,
  "figType": "Table",
  "regionBoundary": {
    "x1": 349.91999999999996,
    "y1": 652.8,
    "x2": 523.1999999999999,
    "y2": 708.9599999999999
  },
  "caption": "Table 6: MAP values for S1 1 and S2 3 obtained by means of different instantiation of score(q, e, e′) using λ = 0.5 on the 2010 collection.",
  "imageText": ["Sum", "BM25(e,", "q)", "−", "0.2586", "0.2113", "score(q,e,e’)", "S1", "1", "S2", "3", "Count", "JW", "(e′,", "q)", ">", "τ", "0.2585", "0.2076", "Avg", "count", "JW", "(e′,", "q)", ">", "τ", "0.2509", "0.2075", "Sum", "JW(e’,q)", "0.2558", "0.2074", "Avg", "JW(e’,q)", "0.2571", "0.2075"],
  "renderURL": "/Users/zhengshuangjing/Desktop/figure_data/maroux-sigir12-Table6-1.png",
  "captionBoundary": {
    "x1": 316.81195068359375,
    "y1": 617.8087768554688,
    "x2": 555.92431640625,
    "y2": 643.0670166015625
  }
}, {
  "renderDpi": 150,
  "name": "3",
  "page": 7,
  "figType": "Table",
  "regionBoundary": {
    "x1": 52.8,
    "y1": 109.44,
    "x2": 294.24,
    "y2": 300.96
  },
  "caption": "Table 3: New retrieved results that were not retrieved by the BM25 baseline for top-10 results of IR and graph-based approaches in both collections.",
  "imageText": ["S1", "1", "56", "14", "39", "S1", "2", "103", "9", "97", "S1", "3", "103", "9", "92", "S2", "1", "2", "1", "1", "S2", "2", "2", "1", "1", "S2", "3", "4", "4", "0", "PRF3", "153", "0", "152", "SAMEAS", "20", "8", "12", "Extension", "179", "0", "175", "Query", "Autoc.", "216", "2", "212", "2", "0", "1", "1", "rc", "h", "S", "ea", "S", "em", "S1", "1", "211", "29", "162", "S1", "2", "312", "19", "281", "S1", "3", "312", "19", "281", "S2", "1", "15", "3", "12", "S2", "2", "16", "3", "13", "S2", "3", "16", "3", "13", "PRF3", "220", "0", "218", "SAMEAS", "92", "11", "76", "Extension", "266", "1", "262", "Query", "Autoc.", "308", "2", "303", "2", "0", "1", "0", "rc", "h", "S", "ea", "S", "em", "Approach", "New", "Retr.", "New", "Rel.", "New", "Not-judged"],
  "renderURL": "/Users/zhengshuangjing/Desktop/figure_data/maroux-sigir12-Table3-1.png",
  "captionBoundary": {
    "x1": 53.79800033569336,
    "y1": 65.46479797363281,
    "x2": 292.9076232910156,
    "y2": 90.7230224609375
  }
}, {
  "renderDpi": 150,
  "name": "2",
  "page": 7,
  "figType": "Figure",
  "regionBoundary": {
    "x1": 336.0,
    "y1": 53.76,
    "x2": 537.12,
    "y2": 185.28
  },
  "caption": "Figure 2: Effectiveness values varying the number of top-N entities retrieved by IR approaches.",
  "imageText": ["S1_1-­‐2010\t\r  ", "S2_3-­‐2010\t\r  ", "S1_1-­‐2011\t\r  ", "S2_3-­‐2011\t\r  ", "N\t\r  ", "M", "AP", "\t\r  ", "0\t\r  ", "1\t\r  ", "2\t\r  ", "3\t\r  ", "4\t\r  ", "5\t\r  ", "6\t\r  ", "7\t\r  ", "8\t\r  ", "9\t\r  ", "10\t\r  ", "0.26\t\r  ", "0.24\t\r  ", "0.22\t\r  ", "0.2\t\r  ", "0.18\t\r  ", "0.16\t\r  ", "0.14\t\r  ", "0.12\t\r  "],
  "renderURL": "/Users/zhengshuangjing/Desktop/figure_data/maroux-sigir12-Figure2-1.png",
  "captionBoundary": {
    "x1": 316.81201171875,
    "y1": 201.01881408691406,
    "x2": 555.9171142578125,
    "y2": 215.8890380859375
  }
}, {
  "renderDpi": 150,
  "name": "1",
  "page": 3,
  "figType": "Figure",
  "regionBoundary": {
    "x1": 84.96,
    "y1": 59.519999999999996,
    "x2": 527.04,
    "y2": 215.04
  },
  "caption": "Figure 1: Our hybrid search system, where results retrieved from an inverted index are refined through structured graph queries.",
  "imageText": ["Pseudo-Relevance", "Feedback", "Final", "Ranking", "Function", "3rd", "party", "search", "engines", "WordNet", "Structured", "Inverted", "Index", "properties)", "Neighborhoods", "(queries", "on", "datatype", "properties)", "Graph", "Traversals", "(queries", "on", "object", "intermediate", "top-k", "resultsGraph-Enriched", "Results", "Entity", "Search", "Keyword", "Query", "query()", "FunctionsRanking", "Functions", "Ranking", "FunctionsRanking", "RDF", "Store", "Inverted", "Index", "Query", "Annotation", "and", "Expansion", "index()", "User", "LOD", "Cloud"],
  "renderURL": "/Users/zhengshuangjing/Desktop/figure_data/maroux-sigir12-Figure1-1.png",
  "captionBoundary": {
    "x1": 53.79800033569336,
    "y1": 234.2548370361328,
    "x2": 555.919677734375,
    "y2": 249.12506103515625
  }
}, {
  "renderDpi": 150,
  "name": "7",
  "page": 8,
  "figType": "Table",
  "regionBoundary": {
    "x1": 63.839999999999996,
    "y1": 295.68,
    "x2": 282.24,
    "y2": 406.08
  },
  "caption": "Table 7: Average query execution time (ms) on the 2011 dataset.",
  "imageText": ["S1", "1", "285", "48", "333", "(+17%)", "S1", "2", "285", "84", "369", "(+29%)", "S1", "3", "285", "86", "371", "(+30%)", "S2", "1", "285", "1746", "2031", "(+613%)", "S2", "2", "285", "2192", "2477", "(+769%)", "S2", "3", "285", "105", "390", "(+37%)", "PRF3", "2670", "-", "2670", "(+837%)", "SAMEAS", "285", "30", "315", "(+11%)", "Extension", "580", "-", "580", "(+104%)", "Query", "Autoc.", "1447", "-", "1447", "(+408%)", "Approach", "IR", "time", "RDF", "time", "Total", "time", "BM25", "Baseline", "285", "-", "285"],
  "renderURL": "/Users/zhengshuangjing/Desktop/figure_data/maroux-sigir12-Table7-1.png",
  "captionBoundary": {
    "x1": 53.79800033569336,
    "y1": 271.1998291015625,
    "x2": 292.9094543457031,
    "y2": 286.070068359375
  }
}, {
  "renderDpi": 150,
  "name": "3",
  "page": 8,
  "figType": "Figure",
  "regionBoundary": {
    "x1": 336.0,
    "y1": 258.71999999999997,
    "x2": 537.12,
    "y2": 387.36
  },
  "caption": "Figure 3: Precision/Recall curves for graph-based approaches on the 2010 collection.",
  "imageText": ["S1_1\t\r  ", "BM25\t\r  baseline\t\r  ", "S2_2\t\r  ", "SAMEAS\t\r  ", "Recall\t\r  ", "is", "io", "n\t\r  ", "Pr", "ec", "0\t\r  ", "0.2\t\r  ", "0.4\t\r  ", "0.6\t\r  ", "0.8\t\r  ", "1\t\r  ", "0.7\t\r  ", "0.6\t\r  ", "0.5\t\r  ", "0.4\t\r  ", "0.3\t\r  ", "0.2\t\r  ", "0.1\t\r  ", "0\t\r  "],
  "renderURL": "/Users/zhengshuangjing/Desktop/figure_data/maroux-sigir12-Figure3-1.png",
  "captionBoundary": {
    "x1": 316.81201171875,
    "y1": 402.32379150390625,
    "x2": 555.921630859375,
    "y2": 417.19500732421875
  }
}]