[{
  "renderDpi": 150,
  "name": "1",
  "page": 1,
  "figType": "Figure",
  "regionBoundary": {
    "x1": 113.75999999999999,
    "y1": 81.6,
    "x2": 514.0799999999999,
    "y2": 215.04
  },
  "caption": "Figure 1: Example inputs and questions together with answers generated by dynamic memory networks trained on these questions.",
  "imageText": ["I:", "Jane", "went", "to", "the", "hallway.", "I:", "Peter’s", "sister", "is", "called", "Isabelle.", "I:", "Mary", "walked", "to", "the", "bathroom.", "Q:", "What", "are", "the", "mentions?", "I:", "Sandra", "went", "to", "the", "garden.", "A:", "[", "[", "Peter", "]", "’s", "sister", "]", "is", "called", "[", "Isabelle", "]", ".", "I:", "Daniel", "went", "back", "to", "the", "garden.", "I:", "Peter’s", "sister", "is", "called", "[Isabelle].", "I:", "Sandra", "took", "the", "milk", "there.", "Q:", "Is", "it", "coreferent", "with:", "[Peter’s", "sister]", "is", "called", "Isabelle?", "Q:", "Where", "is", "the", "milk?", "A:", "yes", "A:", "garden", "Q:", "Is", "it", "coreferent", "with:", "[Peter]", "’s", "sister", "is", "called", "Isabelle?", "I:", "Everybody", "is", "happy.", "A:", "no", "Q:", "What’s", "the", "sentiment?", "I:", "The", "answer", "is", "far", "from", "obvious.", "A:", "positive", "Q:", "In", "French?", "Q:", "What", "are", "the", "POS", "tags?", "A:", "La", "réponse", "est", "loin", "d’être", "évidente.", "A:", "NN", "VBZ", "JJ", "."],
  "renderURL": "/Users/zhengshuangjing/Desktop/figure_data/metamind-Figure1-1.png",
  "captionBoundary": {
    "x1": 108.0,
    "y1": 231.09750366210938,
    "x2": 504.00323486328125,
    "y2": 248.0579833984375
  }
}, {
  "renderDpi": 150,
  "name": "1",
  "page": 6,
  "figType": "Table",
  "regionBoundary": {
    "x1": 107.52,
    "y1": 210.72,
    "x2": 526.0799999999999,
    "y2": 355.2
  },
  "caption": "Table 1: Test accuracies on the bAbI dataset. MemNN numbers taken from Weston et al. [18]. The DMN passes (accuracy > 95%) 18 tasks, whereas the MemNN passes 16.",
  "imageText": ["Mean", "Accuracy", "(%)", "93.3", "93.6", "1:", "Single", "Supporting", "Fact", "100", "100", "11:", "Basic", "Coreference", "100", "99.9", "2:", "Two", "Supporting", "Facts", "100", "98.2", "12:", "Conjunction", "100", "100", "3:", "Three", "Supporting", "facts", "100", "95.2", "13:", "Compound", "Coreference", "100", "99.8", "4:", "Two", "Argument", "Relations", "100", "100", "14:", "Time", "Reasoning", "99", "100", "5:", "Three", "Argument", "Relations", "98", "99.3", "15:", "Basic", "Deduction", "100", "100", "6:", "Yes/No", "Questions", "100", "100", "16:", "Basic", "Induction", "100", "99.4", "7:", "Counting", "85", "96.9", "17:", "Positional", "Reasoning", "65", "59.6", "8:", "Lists/Sets", "91", "96.5", "18:", "Size", "Reasoning", "95", "95.3", "9:", "Simple", "Negation", "100", "100", "19:", "Path", "Finding", "36", "34.5", "10:", "Indeﬁnite", "Knowledge", "98", "97.5", "20:", "Agent’s", "Motivations", "100", "100", "Task", "MemNN", "DMN", "Task", "MemNN", "DMN"],
  "renderURL": "/Users/zhengshuangjing/Desktop/figure_data/metamind-Table1-1.png",
  "captionBoundary": {
    "x1": 108.00003051757812,
    "y1": 371.6695251464844,
    "x2": 504.00335693359375,
    "y2": 388.6309814453125
  }
}, {
  "renderDpi": 150,
  "name": "2",
  "page": 2,
  "figType": "Figure",
  "regionBoundary": {
    "x1": 193.44,
    "y1": 81.6,
    "x2": 418.08,
    "y2": 179.04
  },
  "caption": "Figure 2: Overview of DMN modules. Communication between them is indicated by arrows and uses only vector representations. Questions trigger gates which allow vectors for certain input words or sentences to be given to the episodic memory module. The final state of the episodic memory is the input to the answer module.",
  "imageText": ["Episodic\t\r  Memory\t\r  ", "Answer\t\r  ", "Input\t\r  Text\t\r  Sequence\t\r  ", "Ques&on\t\r  ", "• ", "Knowledge\t\r  ", "Basis\t\r  ", "\t\r  ", "vectors\t\r  ", "\t\r  ", "• ", "Word\t\r  ", "Seman&c\t\r  ", "Memory\t\r  "],
  "renderURL": "/Users/zhengshuangjing/Desktop/figure_data/metamind-Figure2-1.png",
  "captionBoundary": {
    "x1": 108.0,
    "y1": 198.71353149414062,
    "x2": 504.0033264160156,
    "y2": 237.59295654296875
  }
}, {
  "renderDpi": 150,
  "name": "2",
  "page": 7,
  "figType": "Table",
  "regionBoundary": {
    "x1": 129.6,
    "y1": 81.6,
    "x2": 482.4,
    "y2": 115.19999999999999
  },
  "caption": "Table 2: Test accuracies on WSJ-PTB",
  "imageText": ["Acc", "(%)", "97.15", "97.27", "97.40", "97.44", "97.50", "97.56", "Model", "SVMTool", "Sogaard", "Suzuki", "et", "al.", "Spoustova", "et", "al.", "SCNN", "DMN"],
  "renderURL": "/Users/zhengshuangjing/Desktop/figure_data/metamind-Table2-1.png",
  "captionBoundary": {
    "x1": 230.49899291992188,
    "y1": 126.63053131103516,
    "x2": 381.5021667480469,
    "y2": 132.63299560546875
  }
}, {
  "renderDpi": 150,
  "name": "3",
  "page": 7,
  "figType": "Table",
  "regionBoundary": {
    "x1": 107.52,
    "y1": 285.59999999999997,
    "x2": 515.04,
    "y2": 330.24
  },
  "caption": "Table 3: Test accuracies on SST [2]. Key: MV-RNN: Socher et al., 2013. RNTN: Socher et al., 2013. DCNN: Blunsom et al., 2014. PVec: Le and Mikolov, 2014. CNN-MC: Kim, 2014. DRNN: Irsoy and Cardie, 2014. CT-LSTM: Tai et al., 2015. All results as reported in [35]",
  "imageText": ["Binary", "82.9", "85.4", "86.8", "87.8", "88.1", "86.6", "88.0", "88.6", "Fine-grained", "44.4", "45.7", "48.5", "48.7", "47.4", "49.8", "51.0", "51.2", "Task", "MV-RNN", "RNTN", "DCNN", "PVec", "CNN-MC", "DRNN", "CT-LSTM", "DMN"],
  "renderURL": "/Users/zhengshuangjing/Desktop/figure_data/metamind-Table3-1.png",
  "captionBoundary": {
    "x1": 108.0,
    "y1": 346.56451416015625,
    "x2": 504.00341796875,
    "y2": 374.4849853515625
  }
}, {
  "renderDpi": 150,
  "name": "3",
  "page": 3,
  "figType": "Figure",
  "regionBoundary": {
    "x1": 111.83999999999999,
    "y1": 77.75999999999999,
    "x2": 496.32,
    "y2": 227.04
  },
  "caption": "Figure 3: Real example of an input sentence sequence and the attention gates that are triggered by a specific question. Gate values git are shown above the corresponding vectors. The gates change with each search over inputs. We do not draw connections for gates that are close to zero. See Section 4.1 for details on the dataset that this example comes from.",
  "imageText": ["w1", "wT", "(Glove", "vectors)", "m2", "m1", ">", "<E", "OS", "ay", "ha", "llw", "e1", "e2", "e3", "e4", "e5", "e6", "e7", "e8", "2", "2", "2", "2", "2", "2", "2", "2", "1", "1", "1", "1", "1", "1", "1", "1", "0.3", "0.0", "0.0", "0.0", "0.0", "0.0", "1.0", "0.0", "e1", "e2", "e3", "e4", "e5", "e6", "e7", "e8", "0.0", "0.3", "0.0", "0.0", "0.0", "0.9", "0.0", "0.0", "q", "ba", "ll?", "e", "f", "oo", "is", "th", "Wh", "ere", "s1", "s2", "s3", "s4", "s5", "s6", "s7", "s8", "en", ".", "e", "g", "ard", "to", "th", "we", "nt", "Ma", "ry", "ll.", "ot", "ba", "he", "fo", "ow", "n", "t", "pu", "t", "d", "Jo", "hn", ".", "llw", "ay", "he", "ha", "t", "t", "o", "t", "w", "en", "Jo", "hn", "re.", "ll", "t", "he", "ot", "ba", "he", "fo", "go", "t", "t", "Jo", "hn", "ay", ".", "ha", "llw", "o", "t", "he", "lle", "d", "t", "tra", "ve", "Ma", "ry", "n.", "itc", "he", "th", "e", "k", "ck", "to", "nt", "ba", "ra", "we", "Sa", "nd", "om", ".", "ed", "ro", "th", "e", "b", "ed", "to", "m", "ov", "Jo", "hn", "ere", ".", "ilk", "th", "he", "m", "go", "t", "t", "Ma", "ry", "Input", "Module", "Semantic", "Memory", "Module", "Episodic", "Memory", "Module", "Question", "Module", "Answer", "module"],
  "renderURL": "/Users/zhengshuangjing/Desktop/figure_data/metamind-Figure3-1.png",
  "captionBoundary": {
    "x1": 108.0,
    "y1": 241.00851440429688,
    "x2": 504.0032653808594,
    "y2": 279.886962890625
  }
}, {
  "renderDpi": 150,
  "name": "4",
  "page": 8,
  "figType": "Table",
  "regionBoundary": {
    "x1": 140.64,
    "y1": 81.6,
    "x2": 471.35999999999996,
    "y2": 148.32
  },
  "caption": "Table 4: Coreference resolution scores of gold mentions from the dataset of Guha et al., 2015 evaluated using Conll scorer v7.0.",
  "imageText": ["MUC", "56.8", "57.8", "57.8", "70.2", "40.2", "49.6", "74.6", "66.0", "70.0", "B3", "68.1", "74.8", "70.4", "88.5", "64.7", "74.2", "82.0", "77.5", "79.7", "CEAFe", "73.3", "76.1", "74.2", "56.5", "80.0", "65.7", "70.7", "79.3", "74.7", "Metric", "Guha", "et", "al.,", "2015", "Durrett", "and", "Klein,", "2013", "DMN", "P", "R", "F1", "P", "R", "F1", "P", "R", "F1"],
  "renderURL": "/Users/zhengshuangjing/Desktop/figure_data/metamind-Table4-1.png",
  "captionBoundary": {
    "x1": 108.0,
    "y1": 164.92654418945312,
    "x2": 504.0032653808594,
    "y2": 181.88800048828125
  }
}]