[{
  "renderDpi": 150,
  "name": "3",
  "page": 4,
  "figType": "Figure",
  "regionBoundary": {
    "x1": 54.72,
    "y1": 63.839999999999996,
    "x2": 368.15999999999997,
    "y2": 363.84
  },
  "caption": "Figure 3. (a) Relation browser interface for Open Video Library with mouse over the education facet; (b) Relation browser display after educational and Spanish selected, mouse over fourth title.",
  "imageText": ["(b)", "(a)"],
  "renderURL": "/Users/zhengshuangjing/Desktop/figure_data/p41-marchionini-Figure3-1.png",
  "captionBoundary": {
    "x1": 374.1400146484375,
    "y1": 74.58013153076172,
    "x2": 529.06787109375,
    "y2": 115.09613037109375
  }
}]