[{
  "renderDpi": 150,
  "name": "1",
  "page": 5,
  "figType": "Table",
  "regionBoundary": {
    "x1": 133.92,
    "y1": 392.64,
    "x2": 484.32,
    "y2": 439.2
  },
  "caption": "Table 1. Sizes of LLD1 and LLD2 datasets",
  "imageText": ["number", "of", "terms", "417753", "1713349", "number", "of", "virtual", "documents", "64644", "473742", "number", "of", "statements", "595798", "4573668", "LLD", "1", "LLD2"],
  "renderURL": "/Users/zhengshuangjing/Desktop/figure_data/Random_indexing_for_finding_similar_node-Table1-1.png",
  "captionBoundary": {
    "x1": 219.39599609375,
    "y1": 441.82080078125,
    "x2": 395.96307373046875,
    "y2": 446.3039855957031
  }
}, {
  "renderDpi": 150,
  "name": "3",
  "page": 10,
  "figType": "Figure",
  "regionBoundary": {
    "x1": 133.92,
    "y1": 344.64,
    "x2": 475.2,
    "y2": 509.28
  },
  "caption": "Fig. 3. The effect of the variation of minimal term frequency on MAP, across two datasets, for Group 1 (left) and Group 2 (right) used as training sets. The distribution of MAP across all categories of minimum term frequency is the same (independent samples Kruskal-Wallis test, p=0.44 and p=0.444 for LLD1 and LLD2 respectively, Group 1; p=0.808 and p=0.784 for LLD1 and LLD2, Group 2).",
  "imageText": [],
  "renderURL": "/Users/zhengshuangjing/Desktop/figure_data/Random_indexing_for_finding_similar_node-Figure3-1.png",
  "captionBoundary": {
    "x1": 134.76499938964844,
    "y1": 521.0017700195312,
    "x2": 480.5954895019531,
    "y2": 569.3209228515625
  }
}, {
  "renderDpi": 150,
  "name": "2",
  "page": 10,
  "figType": "Figure",
  "regionBoundary": {
    "x1": 168.95999999999998,
    "y1": 86.88,
    "x2": 480.96,
    "y2": 314.4
  },
  "caption": "Fig. 2. Correlation of MAP for LLD1 (X axis) and LLD2 (Y axis) for all keywords",
  "imageText": ["11"],
  "renderURL": "/Users/zhengshuangjing/Desktop/figure_data/Random_indexing_for_finding_similar_node-Figure2-1.png",
  "captionBoundary": {
    "x1": 140.20899963378906,
    "y1": 329.8828125,
    "x2": 475.14495849609375,
    "y2": 334.3659973144531
  }
}, {
  "renderDpi": 150,
  "name": "1",
  "page": 9,
  "figType": "Figure",
  "regionBoundary": {
    "x1": 133.92,
    "y1": 93.6,
    "x2": 489.12,
    "y2": 279.36
  },
  "caption": "Fig. 1. The distribution of the Mean Average Precision for all combinations of parameters, for Group 1 (left) and Group 2 (right) used as training sets",
  "imageText": ["10"],
  "renderURL": "/Users/zhengshuangjing/Desktop/figure_data/Random_indexing_for_finding_similar_node-Figure1-1.png",
  "captionBoundary": {
    "x1": 134.76499938964844,
    "y1": 291.52978515625,
    "x2": 480.5893859863281,
    "y2": 306.97198486328125
  }
}, {
  "renderDpi": 150,
  "name": "3",
  "page": 9,
  "figType": "Table",
  "regionBoundary": {
    "x1": 178.56,
    "y1": 418.56,
    "x2": 436.32,
    "y2": 498.24
  },
  "caption": "Table 3. The dispersion values for the distribution of MAP across two datasets",
  "imageText": ["1&2", "2610", "0.62", "0.23", "Group", "2", "1", "1305", "0.65", "0.22", "2", "1305", "0.59", "0.24", "1&2", "2610", "0.54", "0.18", "Group", "1", "1", "1305", "0.50", "0.16", "2", "1305", "0.59", "0.19", "Dataset", "Number", "of", "runs", "Mean", "Std.", "Deviation"],
  "renderURL": "/Users/zhengshuangjing/Desktop/figure_data/Random_indexing_for_finding_similar_node-Table3-1.png",
  "captionBoundary": {
    "x1": 146.20199584960938,
    "y1": 500.73077392578125,
    "x2": 469.1579284667969,
    "y2": 505.2139892578125
  }
}, {
  "renderDpi": 150,
  "name": "4",
  "page": 12,
  "figType": "Table",
  "regionBoundary": {
    "x1": 204.0,
    "y1": 115.67999999999999,
    "x2": 413.28,
    "y2": 185.76
  },
  "caption": "Table 4. Optimal parameters chosen for Group 1 and Group 2 used as training sets",
  "imageText": ["MAP", "0.55", "0.61", "0.65", "0.61", "Dimensionality", "500", "500", "1500", "500", "Seed", "length", "10", "10", "10", "10", "Min", "frequency", "2", "10", "1", "10", "Dataset", "LLD1", "LLD2", "LLD1", "LLD2", "Group", "1", "Group", "2"],
  "renderURL": "/Users/zhengshuangjing/Desktop/figure_data/Random_indexing_for_finding_similar_node-Table4-1.png",
  "captionBoundary": {
    "x1": 136.54600524902344,
    "y1": 187.11781311035156,
    "x2": 478.8139343261719,
    "y2": 191.60101318359375
  }
}, {
  "renderDpi": 150,
  "name": "5",
  "page": 12,
  "figType": "Table",
  "regionBoundary": {
    "x1": 204.0,
    "y1": 441.59999999999997,
    "x2": 412.32,
    "y2": 511.2
  },
  "caption": "Table 5. Testing the Random Indexing method using Group 2 and Group 1 as testing sets",
  "imageText": ["MAP", "0.63", "0.61", "0.5", "0.61", "Dimensionality", "500", "500", "1500", "500", "Seed", "length", "10", "10", "10", "10", "Min", "frequency", "2", "10", "1", "10", "Dataset", "LLD1", "LLD2", "LLD1", "LLD2", "Group", "2", "Group", "1"],
  "renderURL": "/Users/zhengshuangjing/Desktop/figure_data/Random_indexing_for_finding_similar_node-Table5-1.png",
  "captionBoundary": {
    "x1": 134.76492309570312,
    "y1": 513.6227416992188,
    "x2": 480.59185791015625,
    "y2": 529.0650024414062
  }
}, {
  "renderDpi": 150,
  "name": "2",
  "page": 7,
  "figType": "Table",
  "regionBoundary": {
    "x1": 133.44,
    "y1": 492.0,
    "x2": 480.96,
    "y2": 664.3199999999999
  },
  "caption": "Table 2. Topics of interest divided into two groups for training/testing the Random Indexing method",
  "imageText": ["12", "5", "runs", "are", "missing", "from", "this", "count,", "corresponding", "to", "the", "situation", "where", "the", "seed", "size", "is", "1000,", "and", "the", "vector", "dimensionality", "is", "500,", "which", "is", "impossible", "This", "resulted", "in", "290", "runs", "(145", "per", "dataset12).", "We", "then", "searched", "for", "similar", "words", "for", "each", "topic", "of", "interest", "from", "the", "training", "set,", "and", "presented", "them", "to", "clinicians", "who", "accessed", "the", "relevance.", "The", "combinations", "for", "parameters", "which", "lead", "to", "the", "best", "results", "(measured", "through", "MAP)", "were", "considered", "as", "the", "optimal", "setting", "for", "testing", "the", "method", "in", "the", "next", "step.", "3.", "Testing", "the", "model:", "for", "the", "models", "generated", "using", "the", "optimal", "parameters", "retrieved", "in", "the", "previous", "step,", "we", "retrieved", "10", "similar", "words", "for", "each", "topic", "–", "vector", "dimension:", "500,", "1000,", "1500,", "1800,", "2500", "–", "seed", "length:", "10,", "50,", "100,", "300,", "500,", "1000", "–", "term", "frequency:", "1,", "2,", "5,", "8,", "10", "2.", "Training", "the", "model:", "we", "generated", "RI", "models", "for", "several", "variations", "of", "the", "following", "RI", "parameters", "for", "both", "LLD1", "and", "LLD2:"],
  "renderURL": "/Users/zhengshuangjing/Desktop/figure_data/Random_indexing_for_finding_similar_node-Table2-1.png",
  "captionBoundary": {
    "x1": 134.76499938964844,
    "y1": 467.09979248046875,
    "x2": 480.59356689453125,
    "y2": 482.5419921875
  }
}, {
  "renderDpi": 150,
  "name": "4",
  "page": 11,
  "figType": "Figure",
  "regionBoundary": {
    "x1": 133.92,
    "y1": 114.72,
    "x2": 476.15999999999997,
    "y2": 278.4
  },
  "caption": "Fig. 4. The effect of the variation of dimensionality on MAP, across two datasets, for Group 1 (left) and Group 2 (right) used as training sets. The distribution of MAP across all categories of dimensionality is the same (independent samples Kruskal-Wallis test, p=0.676 and p=1.0 for LLD1 and LLD2 respectively, Group 1; p=0.587 and p=0.996 for LLD1 and LLD2, Group 2).",
  "imageText": [],
  "renderURL": "/Users/zhengshuangjing/Desktop/figure_data/Random_indexing_for_finding_similar_node-Figure4-1.png",
  "captionBoundary": {
    "x1": 134.76498413085938,
    "y1": 290.53680419921875,
    "x2": 480.5938415527344,
    "y2": 338.85498046875
  }
}, {
  "renderDpi": 150,
  "name": "5",
  "page": 11,
  "figType": "Figure",
  "regionBoundary": {
    "x1": 133.92,
    "y1": 352.8,
    "x2": 474.24,
    "y2": 518.4
  },
  "caption": "Fig. 5. The effect of the variation of seed length on MAP, across two datasets, for Group 1 (left) and Group 2 (right) used as training sets. The distribution of MAP across all categories of minimum term frequency is the same (independent samples Kruskal-Wallis test, p=0.931 and 0.997 for LLD1 and LLD2 respectively, Group 1; p=0.961 and 0.998 for LLD1 and LLD2, Group 2).",
  "imageText": [],
  "renderURL": "/Users/zhengshuangjing/Desktop/figure_data/Random_indexing_for_finding_similar_node-Figure5-1.png",
  "captionBoundary": {
    "x1": 134.76498413085938,
    "y1": 530.36279296875,
    "x2": 480.595458984375,
    "y2": 578.6810302734375
  }
}]