[{
  "renderDpi": 150,
  "name": "1",
  "page": 0,
  "figType": "Figure",
  "regionBoundary": {
    "x1": 319.68,
    "y1": 210.72,
    "x2": 552.0,
    "y2": 366.24
  },
  "caption": "Figure 1: Illustrating an HIN.",
  "imageText": ["edge", "types:", "author", "paper", "venue", "topicobject", "types:", "VLDB’06", "write", "publishmention", "ICDM’12", "ICDM", "“social”", "AAAI’15", "VLDB’15KDD’15KDD’07", "KDD", "“mining”", "AAAIVLDB", "“eﬃcient”", "“privacy”", "v1", "v2", "v3", "v4t1", "t2", "t3", "t4", "p1,2p1,1", "p2,1", "p2,2", "p3,2p3,1", "a1", "a2", "a3"],
  "renderURL": "/Users/zhengshuangjing/Desktop/figure_data/relevance-HIN-KDD16-Figure1-1.png",
  "captionBoundary": {
    "x1": 383.4219970703125,
    "y1": 381.9537353515625,
    "x2": 489.3061828613281,
    "y2": 387.3559875488281
  }
}, {
  "renderDpi": 150,
  "name": "2",
  "page": 5,
  "figType": "Table",
  "regionBoundary": {
    "x1": 42.72,
    "y1": 56.64,
    "x2": 293.28,
    "y2": 288.96
  },
  "caption": "Table 2: 3-LTable.",
  "imageText": ["10", "Ins[n]←", "E;", "11", "σ", "←", "∏", "n∈Ins", "Ins[n];", "12", "w′", "=", "w|σ|α", ";", "13", "rtn←", "∅;", "14", "for", "combination", "∈", "σ", "do", "15", "g′", "←", "g", "∪", "combination;", "16", "I", "←", "Traversal(G,S,", "g′,", "w′,", "layer", "+", "1);", "17", "rtn←", "rtn", "∪", "I;", "18", "return", "rtn;", "1", "if", "layer", "==", "dS", "then", "2", "return", "{<", "g,w", ">};", "3", "Initialize", "Ins[·];", "4", "for", "n", "∈", "S[layer", "+", "1]", "do", "5", "C", "←", "∅;", "6", "for", "(n′,", "n)", "∈M", "do", "7", "F", "←", "{v", "|", "ψ(g[n′],", "v)", "=", "(n′,", "n)};", "8", "C", "←", "C", "∪", "{F};", "9", "E", "←", "⋂", "C;", "Algorithm", "1:", "Traversal", "Algorithm", "Input:", "HIN", "G,", "meta", "structure", "S,", "subgraph", "g,", "weight", "w", "and", "layer", "id.", "Output:", "all", "possible", "instances", "of", "S", "and", "their", "weights."],
  "renderURL": "/Users/zhengshuangjing/Desktop/figure_data/relevance-HIN-KDD16-Table2-1.png",
  "captionBoundary": {
    "x1": 206.2239990234375,
    "y1": 288.8117370605469,
    "x2": 271.98358154296875,
    "y2": 294.2139892578125
  }
}, {
  "renderDpi": 150,
  "name": "5",
  "page": 5,
  "figType": "Figure",
  "regionBoundary": {
    "x1": 42.72,
    "y1": 286.56,
    "x2": 197.28,
    "y2": 352.32
  },
  "caption": "Figure 5: A Compressed-ETree.",
  "imageText": ["5(c)", "5(b)", "5(a)", "a1", "a2", "a2", "4(c)", "4(b)", "3(b)", "4(a)", "3(a)", "2(b)", "2(a)", "p2,21(a)", "p1,2", "p2,1", "v3", "t3", "v2", "t2", "p2,2", "p2,1", "a2"],
  "renderURL": "/Users/zhengshuangjing/Desktop/figure_data/relevance-HIN-KDD16-Figure5-1.png",
  "captionBoundary": {
    "x1": 59.525001525878906,
    "y1": 366.2967529296875,
    "x2": 174.79702758789062,
    "y2": 371.6990051269531
  }
}, {
  "renderDpi": 150,
  "name": "1",
  "page": 1,
  "figType": "Table",
  "regionBoundary": {
    "x1": 310.08,
    "y1": 201.6,
    "x2": 572.16,
    "y2": 244.32
  },
  "caption": "Table 1: Relevance of Author Pairs.",
  "imageText": ["a2,", "a1", "2", "0.5", "0.25", "1", "0.25", "0.5", "a2,", "a3", "2", "0.5", "0.25", "0", "0", "0", "Pair", "Meta", "Path", "Measures", "Meta", "Structure", "Measures", "PathCount", "PathSim", "PCRW", "StructCount", "SCSE", "BSCSE"],
  "renderURL": "/Users/zhengshuangjing/Desktop/figure_data/relevance-HIN-KDD16-Table1-1.png",
  "captionBoundary": {
    "x1": 372.25,
    "y1": 191.43875122070312,
    "x2": 500.4784851074219,
    "y2": 196.84100341796875
  }
}, {
  "renderDpi": 150,
  "name": "2",
  "page": 1,
  "figType": "Figure",
  "regionBoundary": {
    "x1": 334.56,
    "y1": 60.0,
    "x2": 542.4,
    "y2": 149.76
  },
  "caption": "Figure 2: Schema, Meta Path, and Meta Structure.",
  "imageText": ["(b)", "Meta", "Path,", "Meta", "Structure", ":", ":", ":", "S", "P", "2", "P", "1", "T", "mention", "me", "ntio", "n", "−1", "write", "write-1", "P1", "P2", "A2A1", "publishVpubl", "ish", "−1", "T", "write", "write-1", "P1", "P2", "A2A1", "mention", "publish", "V", "publish−1write", "write-1", "P1", "P2", "A2A1", "mention−1", "(a)", "Schema", "cite", "mentionpublish", "write", "V", "T", "P", "A"],
  "renderURL": "/Users/zhengshuangjing/Desktop/figure_data/relevance-HIN-KDD16-Figure2-1.png",
  "captionBoundary": {
    "x1": 346.260986328125,
    "y1": 166.95974731445312,
    "x2": 526.4677734375,
    "y2": 172.36199951171875
  }
}, {
  "renderDpi": 150,
  "name": "6",
  "page": 6,
  "figType": "Figure",
  "regionBoundary": {
    "x1": 52.8,
    "y1": 56.64,
    "x2": 293.28,
    "y2": 248.16
  },
  "caption": "Figure 6: Meta Paths and Meta Structures Used in Experiments.",
  "imageText": ["(b)", "DBLP", "publish−1", "publish", "wr", "ite", "-1", "write", "publish−1publish", "write", "V2", "V2", "V2", "V1", "V1", "V1", ":", ":", ":", "S", "P", "2", "P", "1", "T", "mention", "me", "ntio", "n", "−1", "A", "P1", "P2", "TP1", "P2", "mention", "publish", "A", "publish−1write-1P1", "P2", "mention−1", "(a)", "YAGO", "To", "−1", "Affli", "ated", "AffliatedTo−1", "AffliatedTo", "AffliatedTo", "marry", "−1", "marry−1", "marr", "y", "marry", ":", ":", ":", "S", "P", "2", "P", "1", "O", "P", "P1", "P2", "OP1", "P2", "PP1", "P2", "1", "initialize", "i-LTable;", "2", "for", "key", "∈", "∏", "n∈D[i]{v", "∈", "V", "|", "φ(v)", "=", "n}", "do", "3", "i-LTable[", "key", "]←", "Traversal(G,S,", "key,", "1.0,", "i);", "4", "return", "i-LTable;", "Algorithm", "3:", "Building", "i-LTable", "Input:", "HIN", "G,", "meta", "structure", "S,", "dependency", "set", "D,", "layer", "i.", "Output:", "i-LTable", "for", "S."],
  "renderURL": "/Users/zhengshuangjing/Desktop/figure_data/relevance-HIN-KDD16-Figure6-1.png",
  "captionBoundary": {
    "x1": 58.59098815917969,
    "y1": 265.2777404785156,
    "x2": 288.11285400390625,
    "y2": 270.67999267578125
  }
}, {
  "renderDpi": 150,
  "name": "3",
  "page": 2,
  "figType": "Figure",
  "regionBoundary": {
    "x1": 53.76,
    "y1": 504.0,
    "x2": 293.28,
    "y2": 547.1999999999999
  },
  "caption": "Figure 3: Instances of Meta Structure for Figure 2(b).",
  "imageText": ["(b)", "Instance", "s2", "a2", "a2p2,1", "p2,1", "t2", "v2", "(a)", "Instance", "s1", "p2,1a2", "t2", "v2", "a1p1,2"],
  "renderURL": "/Users/zhengshuangjing/Desktop/figure_data/relevance-HIN-KDD16-Figure3-1.png",
  "captionBoundary": {
    "x1": 77.33502197265625,
    "y1": 564.5337524414062,
    "x2": 269.36834716796875,
    "y2": 569.93603515625
  }
}, {
  "renderDpi": 150,
  "name": "4",
  "page": 7,
  "figType": "Table",
  "regionBoundary": {
    "x1": 73.92,
    "y1": 432.96,
    "x2": 536.16,
    "y2": 534.24
  },
  "caption": "Table 4: Top-10 Relevant Pairs in YAGO.",
  "imageText": ["10", "Marguerite", "of", "Lorraine,", "Marie", "de", "Bourbon", "Vice", "Presidency", "of", "Al", "Gore,", "Al", "Gore", "Rank", "PCRW", "SCSE", "1", "Presidency", "of", "Corazon", "Aquino,", "Corazon", "Aquino", "Ronald", "Reagan,", "Presidency", "of", "Ronald", "Reagan", "2", "Corazon", "Aquino,", "Presidency", "of", "Corazon", "Aquino", "Rudy", "Giuliani,", "Political", "positions", "of", "Rudy", "Giuliani", "3", "Sally", "Ponce", "Enrile,", "Salvacion", "Sally", "Santiago", "Ponce", "Enril", "Political", "positions", "of", "Rudy", "Giuliani,", "Rudy", "Giuliani", "4", "Presidency", "of", "Cristina", "Fernandez", "de", "Kirchner,", "Cristina", "Fernandez", "de", "Kirchner", "Presidency", "of", "Corazon", "Aquino,", "Corazon", "Aquino", "5", "Sally", "Hayfron,", "Grace", "Mugabe", "Presidency", "of", "Nestor", "Kirchner,", "Nestor", "Kirchner", "6", "Edu", "Manzano,", "Ralph", "Recto", "Presidency", "of", "C.", "F.", "de", "Kirchner,", "C.", "F.", "de", "Kirchner", "7", "Gloria", "Macapagal", "Arroyo,", "Presidency", "of", "Gloria", "Macapagal", "Arroyo", "Presidency", "of", "Ronald", "Reagan,", "Ronald", "Reagan", "8", "Presidency", "of", "Fidel", "V.", "Ramos,", "Fidel", "V.", "Ramos", "Rise", "of", "Neville", "Chamberlain,", "Neville", "Chamberlain", "9", "Presidency", "of", "Gloria", "Macapagal", "Arroyo,", "Gloria", "Macapagal", "Arroyo", "Outerbridge", "Horsey", "(senator),", "Outerbridge", "Horsey"],
  "renderURL": "/Users/zhengshuangjing/Desktop/figure_data/relevance-HIN-KDD16-Table4-1.png",
  "captionBoundary": {
    "x1": 230.2349853515625,
    "y1": 414.7817687988281,
    "x2": 379.4807434082031,
    "y2": 420.18402099609375
  }
}, {
  "renderDpi": 150,
  "name": "3",
  "page": 7,
  "figType": "Table",
  "regionBoundary": {
    "x1": 55.68,
    "y1": 73.92,
    "x2": 554.4,
    "y2": 241.92
  },
  "caption": "Table 3: Qualities on Three Experiments: Entity Resolution-ER (Section 6.2.1), Ranking (Section 6.2.2), and Clustering (Section 6.2.3).",
  "imageText": ["(b)", "Varying", "α", "(BSCSE)", "BSCSE", "α", "C", "G", "n", "D", "0", "0.2", "0.4", "0.6", "0.8", "1", "0.920", "0.915", "0.910", "0.905", "0.900", "(a)", "Varying", "β", "(Meta", "Path", "Measures)", "PCRW", "PathSim", "PathCount", "β", "C", "G", "n", "D", "0", "0.2", "0.4", "0.6", "0.8", "1", "1.00", "0.95", "0.90", "0.85", "0.80", "0.75", "(b)", "Varying", "α", "(BSCSE)", "BSCSE", "α", "C", "A", "U", "0", "0.2", "0.4", "0.6", "0.8", "1", "0.60", "0.58", "0.56", "0.54", "0.52", "0.50", "(a)", "Varying", "β", "(Meta", "Path", "Measures)", "PCRW", "PathSim", "PathCount", "β", "C", "A", "U", "0", "0.2", "0.4", "0.6", "0.8", "1", "1.0", "0.8", "0.6", "0.4", "0.2", "0.0", "Clustering", "NMI", "0.4932", "0.6866", "0.6780", "0.3595", "0.6866", "0.5157", "0.4932", "0.6866", "0.6780", "0.3202", "0.8065", "0.8065", "Purity", "2.75", "3.50", "3.00", "2.50", "3.50", "2.75", "2.75", "3.5", "3.5", "2.25", "3.50", "3.50", "ER", "AUC", "0.1324", "0.0120", "0.0097", "0.0003", "0.0014", "0.0002", "0.2898", "0.2606", "0.2920", "0.5556", "0.5640", "0.5640", "Ranking", "nDCG", "0.9004", "0.9047", "0.9083", "0.8224", "0.8901", "0.8834", "0.9004", "0.9100", "0.9083", "0.9056", "0.9104", "0.9130", "PathCount", "PCRW", "PathSim", "PathCount", "PCRW", "PathSim", "PathCount", "PCRW", "PathSim", "StructCount", "SCSE", "BSCSE∗", "Experiment", "Metric", "P1", "P2", "Linear", "Combination", "(Optimal", "β)", "S", "(BSCSE∗:", "Optimal", "α)"],
  "renderURL": "/Users/zhengshuangjing/Desktop/figure_data/relevance-HIN-KDD16-Table3-1.png",
  "captionBoundary": {
    "x1": 60.48500061035156,
    "y1": 55.71871566772461,
    "x2": 549.2254028320312,
    "y2": 61.1209716796875
  }
}, {
  "renderDpi": 150,
  "name": "4",
  "page": 3,
  "figType": "Figure",
  "regionBoundary": {
    "x1": 315.84,
    "y1": 52.8,
    "x2": 560.16,
    "y2": 177.12
  },
  "caption": "Figure 4: An Example ETree.",
  "imageText": ["p2,2", "5(a)", "5(b)", "5(c)", "4(a)", "4(b)", "4(c)", "3(a)", "3(b)", "2(a)", "2(b)", "1(a)", "v2", "t2", "a1", "a2", "p2,2", "p2,2", "v3", "t3", "a2", "t2", "p2,1", "a2", "p1,2a2", "p2,1", "a2", "p2,1", "v2", "v2", "t2", "a2", "p2,2", "p2,2", "v3", "t3", "t2", "p2,1", "p1,2a2", "p2,1", "a2", "p2,1", "v2", "t3", "v3", "t2", "a2", "a2", "p2,1", "v2", "a2", "p2,1", "a2", "p2,2", "a2"],
  "renderURL": "/Users/zhengshuangjing/Desktop/figure_data/relevance-HIN-KDD16-Figure4-1.png",
  "captionBoundary": {
    "x1": 383.08599853515625,
    "y1": 190.11972045898438,
    "x2": 489.6427917480469,
    "y2": 195.52197265625
  }
}, {
  "renderDpi": 150,
  "name": "6",
  "page": 8,
  "figType": "Table",
  "regionBoundary": {
    "x1": 318.71999999999997,
    "y1": 73.92,
    "x2": 554.4,
    "y2": 108.47999999999999
  },
  "caption": "Table 6: Influence of dS on Ranking Quality.",
  "imageText": ["nDCG", "0.9055", "0.7767", "0.7332", "0.9104", "0.8026", "0.7933", "S", "S2", "S4", "S", "S2", "S4", "Measure", "StructCount", "SCSE"],
  "renderURL": "/Users/zhengshuangjing/Desktop/figure_data/relevance-HIN-KDD16-Table6-1.png",
  "captionBoundary": {
    "x1": 355.4150390625,
    "y1": 55.71865463256836,
    "x2": 517.3116455078125,
    "y2": 62.11688232421875
  }
}, {
  "renderDpi": 150,
  "name": "10",
  "page": 8,
  "figType": "Figure",
  "regionBoundary": {
    "x1": 58.08,
    "y1": 57.599999999999994,
    "x2": 292.32,
    "y2": 123.36
  },
  "caption": "Figure 10: Meta Structures with Different Semantic Meaning.",
  "imageText": ["direc", "t−", "1", "P4", "M1", "M2", "P3", "P4", "P3", "P2", "P2", "P2", "P2", "P1", "P1", "P1", "MP1", "MM", "M", "create", "−1", "M", "create", "−1", "actIn", "−1", "actIn", "−1actIn", "actIn−1", "actIn−1", "actIn", "−1", "actIn−1", "actIn", "actIn", "actIn", "creat", "e", "crea", "te", "direct", "direct", "direct", "dire", "ct", "4", "3", "2", "1", "S", "S", "S", "S"],
  "renderURL": "/Users/zhengshuangjing/Desktop/figure_data/relevance-HIN-KDD16-Figure10-1.png",
  "captionBoundary": {
    "x1": 62.374000549316406,
    "y1": 137.88174438476562,
    "x2": 284.3282165527344,
    "y2": 143.28399658203125
  }
}, {
  "renderDpi": 150,
  "name": "5",
  "page": 8,
  "figType": "Table",
  "regionBoundary": {
    "x1": 52.8,
    "y1": 177.6,
    "x2": 297.12,
    "y2": 228.48
  },
  "caption": "Table 5: Top-5 Relevant Actors to Clint Eastwood with Different S.",
  "imageText": ["Marcia", "Gay", "Harden", "John", "Larch", "Sondra", "Locke", "Fred", "Ward", "S1", "S2", "S3", "S4", "Clint", "Eastwood", "Clint", "Eastwood", "Clint", "Eastwood", "Clint", "Eastwood", "Sondra", "Locke", "Sondra", "Locke", "Matt", "Damon", "Shirley", "MacLaine", "Gene", "Hackman", "Meryl", "Streep", "Chief", "Dan", "George", "Robert", "Duvall", "Laura", "Linney", "Jessica", "Walter", "Cecile", "de", "France", "Richard", "Burton"],
  "renderURL": "/Users/zhengshuangjing/Desktop/figure_data/relevance-HIN-KDD16-Table5-1.png",
  "captionBoundary": {
    "x1": 63.17399978637695,
    "y1": 159.91873168945312,
    "x2": 283.5255126953125,
    "y2": 165.32098388671875
  }
}]