[{
  "renderDpi": 150,
  "name": "1",
  "page": 5,
  "figType": "Table",
  "regionBoundary": {
    "x1": 75.84,
    "y1": 98.88,
    "x2": 535.1999999999999,
    "y2": 158.4
  },
  "caption": "Table 1: Rel-Full dataset statistics. #Entities means the number of entities; #Relations means the number of relations.",
  "imageText": ["Total", "26,841,657", "1,483,834,223", "〈Google,", "Larry", "Page〉,", "〈Leonardo", "DiCaprio,", "Inception〉,", "〈Thriller,", "Beat", "It〉", "〈Location,", "Contains〉", "1,037,791", "62,229,669", "〈United", "States", "of", "America,", "New", "York〉,", "〈Victoria,", "Chillingollah〉,", "〈New", "Mexico,", "Davis", "House〉", "〈Music,", "Track〉", "1,653,931", "86,658,343", "〈My", "Worlds,", "Baby〉,", "〈21,", "Someone", "Like", "You〉,", "〈Thriller,", "Beat", "It〉", "Relation", "Categories", "#Entities", "#Relations", "Examples", "〈Organization,", "Founder〉", "9,836,649", "560,688,893", "〈Google,", "Larry", "Page〉,", "〈Microsoft,", "Bill", "Gates〉,", "〈Facebook,", "Mark", "Zuckerberg〉", "〈Book,", "Author〉", "16,640,478", "981,788,232", "〈Gone", "with", "the", "Wind,", "Margaret", "Mitchell〉,", "〈The", "Kite", "Runner,", "Khaled", "Hosseini〉", "〈Actor,", "Film〉", "4,340,986", "182,121,412", "〈Leonardo", "DiCaprio,", "Inception〉,", "〈Daniel", "Radcliffe,", "Harry", "Potter〉,", "〈Jack", "Nicholson,", "Head〉"],
  "renderURL": "/Users/zhengshuangjing/Desktop/figure_data/SDM16_RelSim-Table1-1.png",
  "captionBoundary": {
    "x1": 94.30799865722656,
    "y1": 79.3475112915039,
    "x2": 518.929443359375,
    "y2": 85.3499755859375
  }
}, {
  "renderDpi": 150,
  "name": "2",
  "page": 5,
  "figType": "Table",
  "regionBoundary": {
    "x1": 91.67999999999999,
    "y1": 663.84,
    "x2": 270.24,
    "y2": 715.1999999999999
  },
  "caption": "Table 2: Performance (NDCG@K) of relation similarity search on Rel-Full.",
  "imageText": ["RelSim-S", "0.6395", "0.7427", "0.8432", "RelSim-WS", "0.6651", "0.7716", "0.9559", "NDCG@5", "NDCG@10", "NDCG@20", "VSM-S", "0.5389", "0.6296", "0.7225", "LRA-S", "0.5880", "0.6848", "0.7814", "IW-S", "0.5210", "0.6095", "0.7010"],
  "renderURL": "/Users/zhengshuangjing/Desktop/figure_data/SDM16_RelSim-Table2-1.png",
  "captionBoundary": {
    "x1": 61.53900146484375,
    "y1": 632.473388671875,
    "x2": 301.64263916015625,
    "y2": 650.4307861328125
  }
}, {
  "renderDpi": 150,
  "name": "1",
  "page": 1,
  "figType": "Figure",
  "regionBoundary": {
    "x1": 109.92,
    "y1": 75.84,
    "x2": 503.03999999999996,
    "y2": 219.35999999999999
  },
  "caption": "Figure 1: Relation similarity search in schema-rich HIN. Left: a user query; middle: different query-based meta-paths associated with corresponding weights (P1 = President is president of−−−−−−−−−→ Country is secretary of state of←−−−−−−−−−−−−−− Secretary of State, P2 = Politician is member of−−−−−−−−→ Party is member of←−−−−−−−− Politician, P3 = President is president of−−−−−−−−−→ Country is presidential candidate of←−−−−−−−−−−−−−−−−− Presidential Candidate); right: ranked similar relation instances.",
  "imageText": [],
  "renderURL": "/Users/zhengshuangjing/Desktop/figure_data/SDM16_RelSim-Figure1-1.png",
  "captionBoundary": {
    "x1": 61.538970947265625,
    "y1": 231.20449829101562,
    "x2": 551.7042846679688,
    "y2": 276.53997802734375
  }
}, {
  "renderDpi": 150,
  "name": "4",
  "page": 6,
  "figType": "Table",
  "regionBoundary": {
    "x1": 130.56,
    "y1": 192.0,
    "x2": 480.47999999999996,
    "y2": 315.36
  },
  "caption": "Table 4: Example query-based meta-paths on Rel-Full. We show the most important four query-based meta-paths of different queries.",
  "imageText": ["Organization", "run", "business", "in−−−−−−−−−−→", "Industry", "win", "award", "in", "−1", "−−−−−−−−−−−→", "Founder", "0.113", "Organization", "headquarter−−−−−−−−→", "Location", "education", "institute", "−1", "−−−−−−−−−−−−−−−→", "Founder", "0.207", "Organization", "founded", "date−−−−−−−−−→", "Date", "graduation", "date", "−1", "−−−−−−−−−−−−−→", "Founder", "0.229", "Organization", "run", "by−−−−→", "CEO", "job", "title", "−1", "−−−−−−−→", "Founder", "0.320", "Query:", "{〈Google,", "Larry", "Page〉,", "〈Yahoo!,", "Marissa", "Mayer〉,", "etc.}", "ω", "Organization", "′s", "leadership−−−−−−−−→", "Person", "mailing", "address−−−−−−−−−−→", "Location", "mailing", "address", "−1", "−−−−−−−−−−−−−→", "Founder", "0.115", "Organization", "run", "business", "in−−−−−−−−−−→", "Industry", "win", "award", "in", "−1", "−−−−−−−−−−−→", "Founder", "0.274", "Organization", "is", "founded", "by−−−−−−−−−→", "Person", "is", "influence", "peer", "−1", "−−−−−−−−−−−−−→", "Founder", "0.174", "Query:", "{〈Google,", "Larry", "Page〉,", "〈Microsoft,", "Bill", "Gates〉,", "etc.}", "ω", "Organization", "is", "founded", "by−−−−−−−−−→", "Founder", "0.384"],
  "renderURL": "/Users/zhengshuangjing/Desktop/figure_data/SDM16_RelSim-Table4-1.png",
  "captionBoundary": {
    "x1": 64.66000366210938,
    "y1": 172.99655151367188,
    "x2": 548.5841674804688,
    "y2": 178.9990234375
  }
}, {
  "renderDpi": 150,
  "name": "3",
  "page": 6,
  "figType": "Table",
  "regionBoundary": {
    "x1": 73.92,
    "y1": 98.88,
    "x2": 538.0799999999999,
    "y2": 159.35999999999999
  },
  "caption": "Table 3: Case study on top-5 relation similarity search results on Rel-Full.",
  "imageText": ["1", "〈Forbes,", "Forbes〉", "〈Yelp,", "Inc.,", "Simmons〉", "〈Image", "Comics,", "Silvestri〉", "〈DoubleClick,", "Merriman〉", "〈Apple,", "Jobs〉", "2", "〈U-Haul,", "Shoen〉", "〈Image", "Comics,", "Silvestri〉", "〈Walt", "Disney,", "Disney〉", "〈YouTube,", "Chen〉", "〈IBM,", "Watson〉", "3", "〈HealthGrades,", "Hicks〉", "〈U-Haul,", "Shoen〉", "〈Forbes,", "Forbes〉", "〈Apple,", "Wozniak〉", "〈YouTube,", "Chen〉", "4", "〈Perot", "Systems,", "Perot〉", "〈Forbes,", "Forbes〉", "〈HealthGrades,", "Hicks〉", "〈McDonald,", "McDonald〉", "〈Linkedin,", "Hoffman〉", "5", "〈Image", "Comics,", "Silvestri〉", "〈Perot", "Systems,", "Perot〉", "〈New", "York", "Library,", "Dewey〉", "〈Ford", "Motor,", "Ford〉", "〈DoubleClick,", "Merriman〉", "Query:", "{〈Google,", "Larry", "Page〉,", "〈Microsoft,", "Bill", "Gates〉,", "〈Facebook,", "Mark", "Zuckerberg〉,", "〈Yahoo!,", "Jerry", "Yang〉,", "〈DreamWorks", "Animation,", "David", "Geffen〉}", "Rank", "VSM-S", "LRA-S", "IW-S", "RelSim-S", "RelSim-WS"],
  "renderURL": "/Users/zhengshuangjing/Desktop/figure_data/SDM16_RelSim-Table3-1.png",
  "captionBoundary": {
    "x1": 171.51199340820312,
    "y1": 79.3475112915039,
    "x2": 441.72857666015625,
    "y2": 85.3499755859375
  }
}, {
  "renderDpi": 150,
  "name": "4",
  "page": 7,
  "figType": "Figure",
  "regionBoundary": {
    "x1": 235.67999999999998,
    "y1": 75.84,
    "x2": 377.28,
    "y2": 183.35999999999999
  },
  "caption": "Figure 4: Parameter study of the querybased network schema with different radii.",
  "imageText": [],
  "renderURL": "/Users/zhengshuangjing/Desktop/figure_data/SDM16_RelSim-Figure4-1.png",
  "captionBoundary": {
    "x1": 233.09498596191406,
    "y1": 194.50851440429688,
    "x2": 380.1485900878906,
    "y2": 224.4210205078125
  }
}, {
  "renderDpi": 150,
  "name": "5",
  "page": 7,
  "figType": "Figure",
  "regionBoundary": {
    "x1": 408.0,
    "y1": 77.75999999999999,
    "x2": 548.16,
    "y2": 183.35999999999999
  },
  "caption": "Figure 5: Parameter study of different # of examples (K) in query.",
  "imageText": [],
  "renderURL": "/Users/zhengshuangjing/Desktop/figure_data/SDM16_RelSim-Figure5-1.png",
  "captionBoundary": {
    "x1": 404.6510009765625,
    "y1": 194.50851440429688,
    "x2": 551.69775390625,
    "y2": 212.46600341796875
  }
}, {
  "renderDpi": 150,
  "name": "3",
  "page": 7,
  "figType": "Figure",
  "regionBoundary": {
    "x1": 64.8,
    "y1": 75.84,
    "x2": 206.4,
    "y2": 183.35999999999999
  },
  "caption": "Figure 3: QMPG vs. PCRW-MPG with different maximum lengths on Rel-Full.",
  "imageText": [],
  "renderURL": "/Users/zhengshuangjing/Desktop/figure_data/SDM16_RelSim-Figure3-1.png",
  "captionBoundary": {
    "x1": 61.53900146484375,
    "y1": 194.50851440429688,
    "x2": 208.58926391601562,
    "y2": 212.46600341796875
  }
}, {
  "renderDpi": 150,
  "name": "2",
  "page": 3,
  "figType": "Figure",
  "regionBoundary": {
    "x1": 320.64,
    "y1": 75.84,
    "x2": 542.4,
    "y2": 171.35999999999999
  },
  "caption": "Figure 2: The query-based network schema for query Q = {〈Larry Page, Sergey Brin〉, 〈Jerry Yang, David Filo〉}.",
  "imageText": [],
  "renderURL": "/Users/zhengshuangjing/Desktop/figure_data/SDM16_RelSim-Figure2-1.png",
  "captionBoundary": {
    "x1": 311.60101318359375,
    "y1": 182.47555541992188,
    "x2": 551.7017211914062,
    "y2": 200.43304443359375
  }
}]