[{
  "renderDpi": 150,
  "name": "1",
  "page": 2,
  "figType": "Table",
  "regionBoundary": {
    "x1": 61.919999999999995,
    "y1": 82.56,
    "x2": 545.28,
    "y2": 207.35999999999999
  },
  "caption": "Table 1: List of top 10 intermediate N-gram results for the query“the office dwight actor” and their associated metrics prior to filtering heuristics",
  "imageText": ["wilson", "16", "1", "1.5", "name", "rainn", "16", "1", "1.25", "name", "rainn", "wilson", "15", "1", "1.33", "name", "dwight", "schrute", "9", "2", "0.78", "name", "schrute", "9", "2", "0.77", "name", "actor", "rainn", "wilson", "7", "0", "1.14", "mixed", "plays", "dwight", "7", "2", "0.57", "mixed", "actor", "rainn", "7", "0", "1.14", "mixed", "&bull", "6", "94", "4", "name", "wilson", "who", "plays", "5", "2", "0.8", "mixed", "N-gram", "Raw", "Frequency", "Minimum", "Distance", "Mean", "Rank", "Type"],
  "renderURL": "/Users/zhengshuangjing/Desktop/figure_data/SMS-based Contextual Web Search-Table1-1.png",
  "captionBoundary": {
    "x1": 53.76019287109375,
    "y1": 65.92066955566406,
    "x2": 555.974365234375,
    "y2": 80.39984130859375
  }
}, {
  "renderDpi": 150,
  "name": "4",
  "page": 5,
  "figType": "Table",
  "regionBoundary": {
    "x1": 52.8,
    "y1": 384.96,
    "x2": 304.32,
    "y2": 690.24
  },
  "caption": "Table 4: SMSFind failed Google Trends queries",
  "imageText": ["[5]", "CommCare.", "http://www.dimagi.com/content/commcare.html.", "[6]", "W.", "Dorda,", "T.", "Wrba,", "G.", "Duftschmid,", "P.", "Sachs,", "W.", "Gall,", "C.", "Rehnelt,", "G.", "Boldt,", "and", "W.", "Premauer.", "ArchiMed:", "a", "medical", "information", "and", "retrieval", "system.", "Phlebologie,", "38(1):16–24,", "2008.", "[7]", "L.", "Finkelstein,", "E.", "Gabrilovich,", "Y.", "Matias,", "E.", "Rivlin,", "Z.", "Solan,", "G.", "Wolfman,", "and", "E.", "Ruppin.", "Placing", "search", "in", "context:", "The", "concept", "revisited.", "ACM", "Transactions", "on", "Information", "Systems,", "20(1):116–131,", "2002.", "[8]", "FrontlineSMS.", "http://www.frontlinesms.com/.", "[9]", "Google", "SMS.", "http://www.google.com/sms.", "mobile", "computing", "research.", "Technical", "report,", "Technical", "Report", "TR2000-381,", "Dept.", "of", "Computer", "Science,", "Dartmouth", "College,", "2000.", "[3]", "ChaCha.", "http://www.chacha.com.", "[4]", "G.", "Chen", "and", "D.", "Kotz.", "A", "survey", "of", "context-aware", "work", "peter", "sarsgaard", "peter", "sarsgaard", "wife", "bruce", "pearl", "bruce", "pearl", "ﬁancee", "blackberry", "curve", "blackberry", "curve", "cost", "star", "wars", "day", "star", "wars", "day", "mega", "millions", "mega", "millions", "winner", "nj", "marathon", "nj", "marathon", "winner", "jack", "kemp", "jack", "kemp", "funeral", "timothy", "wright", "timothy", "wright", "funeral", "steve-o", "demise", "and", "rise", "steve-o", "demise", "and", "rise", "net-", "Original", "Query", "Modiﬁed", "Query"],
  "renderURL": "/Users/zhengshuangjing/Desktop/figure_data/SMS-based Contextual Web Search-Table4-1.png",
  "captionBoundary": {
    "x1": 62.88010025024414,
    "y1": 378.5206298828125,
    "x2": 284.038818359375,
    "y2": 382.55999755859375
  }
}, {
  "renderDpi": 150,
  "name": "2",
  "page": 4,
  "figType": "Table",
  "regionBoundary": {
    "x1": 61.919999999999995,
    "y1": 72.0,
    "x2": 545.28,
    "y2": 235.2
  },
  "caption": "Table 2: Comparison of results for example queries between search services",
  "imageText": ["lakshmi", "subramanian", "phone", "212", "998", "3485", "(no", "results)", "News:", "Oops!", "2", "Sus-", "pects", "Hail", "Wrong", "Car", "They", "are", "located", "at", "6189", "N", "Pinnackle", "Ridge", "Dr.", "Tucson,", "AZ", "85718-3502", "Eric", "Schmidt", "is", "the", "Chairman", "of", "the", "Board", "and", "Chief", "Executive", "Oﬃcer", "of", "Google", "abraham", "lincoln", "birthday", "february", "12", "Abraham", "Lincoln", "Date", "of", "Birth:", "12", "February", "1809", "Celebrate!", "Holidays", "In", "The", "USA", "-", "Abra-", "ham", "Lincoln’s", "Birth-", "day", "(February", "12)", "Abraham", "Lincoln", "was", "born", "on", "Febru-", "ary", "12,", "1809,", "in", "Hodgenville,", "Hardin", "County,", "Kentucky.", "google", "ceo", "eric", "schmidt", "(no", "results)", "(stock", "lookup", "for", "ticker", "“CEO”)", "query", "SMSFind", "Google", "SMS", "Yahoo!", "oneSearch", "ChaCha"],
  "renderURL": "/Users/zhengshuangjing/Desktop/figure_data/SMS-based Contextual Web Search-Table2-1.png",
  "captionBoundary": {
    "x1": 129.36000061035156,
    "y1": 65.92066955566406,
    "x2": 480.4703674316406,
    "y2": 69.96002197265625
  }
}]