[{
  "renderDpi": 150,
  "name": "1",
  "page": 1,
  "figType": "Figure",
  "regionBoundary": {
    "x1": 321.59999999999997,
    "y1": 63.839999999999996,
    "x2": 525.6,
    "y2": 253.44
  },
  "caption": "Figure 1. Stages in the execution of query Q1.",
  "imageText": ["Query", "results", "instance", "View", "relations", "and", "consistent", "Normalized", "tuples", "Extracted", "documents", "Scan", "Retrieved", "Floyd", "Hall", "Amelio", "Bill", "Gates", "Kmart", "Corp.", "Apple", "Inc.", "Company", "CEO", "Microsoft", "Corp.", "Company", "Microsoft", "Corp.", "CEO", "Bill", "Gates", "Floyd", "Hall", "Amelio", "CEO", "Bill", "Gates", "Mountain", "View", "Redmond", "Armonk", "Kmart", "Corp.", "Apple", "Inc.", "Sybase", "Corp.", "IBM", "Company", "Location", "Microsoft", "Corp.", "Mountain", "View", "Redmond", "Armonk", "Sybase", "Corp.", "IBM", "Company", "Location", "Microsoft", "Corp.", "Floyd", "Hall", "Amelio", "Bill", "Gates", "Kmart", "Corp.", "Apple", "Company", "CEO", "Microsoft", "Corp.", "Headquarters", "<Company,", "Location>", "Executives", "<Company,", "CEO>", "AND", "Redmond]", "[based", "AND", "shares", "Mountain", "View", "Redmond", "Armonk", "New", "York", "Redmond", "Sybase", "Corp.", "Microsoft", "Corp.", "Microsoft", "Corp.", "IBM", "Company", "Location", "Microsoft", "Search", "Interface"],
  "renderURL": "/Users/zhengshuangjing/Desktop/figure_data/sql-over-text-2007-Figure1-1.png",
  "captionBoundary": {
    "x1": 320.8171081542969,
    "y1": 269.4709167480469,
    "x2": 533.16015625,
    "y2": 275.7274169921875
  }
}]